coin_id,timeframe,timestamp_utc,price,volume,high,low,data_source
bitcoin,1d,2026-01-21T00:00:00+00:00,88416.88686186896,,,,coingecko
bitcoin,1d,2026-01-22T00:00:00+00:00,89453.90473719541,,,,coingecko
bitcoin,1d,2026-01-23T00:00:00+00:00,89483.65163014928,,,,coingecko
bitcoin,1d,2026-01-24T00:00:00+00:00,89524.84864062016,,,,coingecko
bitcoin,1d,2026-01-25T00:00:00+00:00,89149.95970929884,,,,coingecko
bitcoin,1d,2026-01-26T00:00:00+00:00,86625.33128140382,,,,coingecko
bitcoin,1d,2026-01-27T00:00:00+00:00,88249.90141827049,,,,coingecko
bitcoin,1d,2026-01-28T00:00:00+00:00,89141.65035979386,,,,coingecko
bitcoin,1d,2026-01-29T00:00:00+00:00,89212.20824183176,,,,coingecko
bitcoin,1d,2026-01-30T00:00:00+00:00,84630.42066738439,,,,coingecko
bitcoin,1d,2026-01-31T00:00:00+00:00,84091.63017682909,,,,coingecko
bitcoin,1d,2026-02-01T00:00:00+00:00,78647.02739790398,,,,coingecko
bitcoin,1d,2026-02-02T00:00:00+00:00,76895.58665593083,,,,coingecko
bitcoin,1d,2026-02-03T00:00:00+00:00,78670.58922752787,,,,coingecko
bitcoin,1d,2026-02-04T00:00:00+00:00,75628.04173330522,,,,coingecko
bitcoin,1d,2026-02-05T00:00:00+00:00,73059.17986713687,,,,coingecko
bitcoin,1d,2026-02-06T00:00:00+00:00,62778.217566354324,,,,coingecko
bitcoin,1d,2026-02-07T00:00:00+00:00,70272.52223140873,,,,coingecko
bitcoin,1d,2026-02-08T00:00:00+00:00,69245.78200906444,,,,coingecko
bitcoin,1d,2026-02-09T00:00:00+00:00,70398.0850329669,,,,coingecko
bitcoin,1d,2026-02-10T00:00:00+00:00,70175.14749173766,,,,coingecko
bitcoin,1d,2026-02-11T00:00:00+00:00,68841.8723764457,,,,coingecko
bitcoin,1d,2026-02-12T00:00:00+00:00,67090.5793396472,,,,coingecko
bitcoin,1d,2026-02-13T00:00:00+00:00,66258.52954947444,,,,coingecko
bitcoin,1d,2026-02-14T00:00:00+00:00,68837.58112429692,,,,coingecko
bitcoin,1d,2026-02-15T00:00:00+00:00,69799.5509626349,,,,coingecko
bitcoin,1d,2026-02-16T00:00:00+00:00,68778.84298479716,,,,coingecko
bitcoin,1d,2026-02-17T00:00:00+00:00,68859.77618747062,,,,coingecko
bitcoin,1d,2026-02-18T00:00:00+00:00,67559.29573331702,,,,coingecko
bitcoin,1d,2026-02-19T00:00:00+00:00,66426.61953458567,,,,coingecko
bitcoin,1d,2026-02-20T00:00:00+00:00,66976.02936410521,,,,coingecko
bitcoin,1d,2026-02-21T00:00:00+00:00,68002.9401106256,,,,coingecko
bitcoin,1d,2026-02-22T00:00:00+00:00,68026.03124326779,,,,coingecko
bitcoin,1d,2026-02-23T00:00:00+00:00,65192.18870120006,,,,coingecko
bitcoin,1d,2026-02-24T00:00:00+00:00,64737.90196985264,,,,coingecko
bitcoin,1d,2026-02-25T00:00:00+00:00,64073.54894566756,,,,coingecko
bitcoin,1d,2026-02-26T00:00:00+00:00,67850.10521282951,,,,coingecko
bitcoin,1d,2026-02-27T00:00:00+00:00,67496.84163950248,,,,coingecko
bitcoin,1d,2026-02-28T00:00:00+00:00,65891.22197698704,,,,coingecko
bitcoin,1d,2026-03-01T00:00:00+00:00,67017.07604771722,,,,coingecko
bitcoin,1d,2026-03-02T00:00:00+00:00,65824.42166938317,,,,coingecko
bitcoin,1d,2026-03-03T00:00:00+00:00,68815.9363388441,,,,coingecko
bitcoin,1d,2026-03-04T00:00:00+00:00,68287.46303403362,,,,coingecko
bitcoin,1d,2026-03-05T00:00:00+00:00,72752.30156666112,,,,coingecko
bitcoin,1d,2026-03-06T00:00:00+00:00,70868.21819643723,,,,coingecko
bitcoin,1d,2026-03-07T00:00:00+00:00,68142.88312387785,,,,coingecko
bitcoin,1d,2026-03-08T00:00:00+00:00,67339.67440056572,,,,coingecko
bitcoin,1d,2026-03-09T00:00:00+00:00,66042.7510790264,,,,coingecko
bitcoin,1d,2026-03-10T00:00:00+00:00,68430.60926017091,,,,coingecko
bitcoin,1d,2026-03-11T00:00:00+00:00,69849.2035305081,,,,coingecko
bitcoin,1d,2026-03-12T00:00:00+00:00,70028.95987601393,,,,coingecko
bitcoin,1d,2026-03-13T00:00:00+00:00,70417.19388567522,,,,coingecko
bitcoin,1d,2026-03-14T00:00:00+00:00,70838.93230193328,,,,coingecko
bitcoin,1d,2026-03-15T00:00:00+00:00,71149.2823885419,,,,coingecko
bitcoin,1d,2026-03-16T00:00:00+00:00,72934.2940718683,,,,coingecko
bitcoin,1d,2026-03-17T00:00:00+00:00,74679.37090810013,,,,coingecko
bitcoin,1d,2026-03-18T00:00:00+00:00,74004.69080880683,,,,coingecko
bitcoin,1d,2026-03-19T00:00:00+00:00,71220.04730260483,,,,coingecko
bitcoin,1d,2026-03-20T00:00:00+00:00,69936.19932093748,,,,coingecko
bitcoin,1d,2026-03-21T00:00:00+00:00,70526.28915957874,,,,coingecko
bitcoin,1d,2026-03-22T00:00:00+00:00,68424.07687771624,,,,coingecko
bitcoin,1d,2026-03-23T00:00:00+00:00,67933.42948137881,,,,coingecko
bitcoin,1d,2026-03-24T00:00:00+00:00,70987.25185405998,,,,coingecko
bitcoin,1d,2026-03-25T00:00:00+00:00,70528.86345595501,,,,coingecko
bitcoin,1d,2026-03-26T00:00:00+00:00,71303.58545062262,,,,coingecko
bitcoin,1d,2026-03-27T00:00:00+00:00,68727.2122901201,,,,coingecko
bitcoin,1d,2026-03-28T00:00:00+00:00,66329.88185741157,,,,coingecko
bitcoin,1d,2026-03-29T00:00:00+00:00,66388.84446013413,,,,coingecko
bitcoin,1d,2026-03-30T00:00:00+00:00,65947.03192607871,,,,coingecko
bitcoin,1d,2026-03-31T00:00:00+00:00,66691.27147786925,,,,coingecko
bitcoin,1d,2026-04-01T00:00:00+00:00,68107.47456405059,,,,coingecko
bitcoin,1d,2026-04-02T00:00:00+00:00,67959.87524726024,,,,coingecko
bitcoin,1d,2026-04-03T00:00:00+00:00,66887.51063938277,,,,coingecko
bitcoin,1d,2026-04-04T00:00:00+00:00,66822.55230312092,,,,coingecko
bitcoin,1d,2026-04-05T00:00:00+00:00,67077.1500532805,,,,coingecko
bitcoin,1d,2026-04-06T00:00:00+00:00,69002.03847938096,,,,coingecko
bitcoin,1d,2026-04-07T00:00:00+00:00,68672.24657456316,,,,coingecko
bitcoin,1d,2026-04-08T00:00:00+00:00,71661.76372427847,,,,coingecko
bitcoin,1d,2026-04-09T00:00:00+00:00,70644.79416156793,,,,coingecko
bitcoin,1d,2026-04-10T00:00:00+00:00,71367.80291658688,,,,coingecko
bitcoin,1d,2026-04-11T00:00:00+00:00,72920.25491187068,,,,coingecko
bitcoin,1d,2026-04-12T00:00:00+00:00,73021.85968305328,,,,coingecko
bitcoin,1d,2026-04-13T00:00:00+00:00,70660.63961180339,,,,coingecko
bitcoin,1d,2026-04-14T00:00:00+00:00,74481.64142860245,,,,coingecko
bitcoin,1d,2026-04-15T00:00:00+00:00,74297.34759499803,,,,coingecko
bitcoin,1d,2026-04-16T00:00:00+00:00,74826.31308825641,,,,coingecko
bitcoin,1d,2026-04-17T00:00:00+00:00,75111.95674547968,,,,coingecko
bitcoin,1d,2026-04-18T00:00:00+00:00,77125.73357198425,,,,coingecko
bitcoin,1d,2026-04-19T00:00:00+00:00,75716.15083727139,,,,coingecko
bitcoin,1d,2026-04-20T00:00:00+00:00,73841.02173808741,,,,coingecko
bitcoin,1d,2026-04-21T00:00:00+00:00,75858.03546790924,,,,coingecko
bitcoin,1d,2026-04-22T00:00:00+00:00,76326.19170242558,,,,coingecko
bitcoin,1d,2026-04-23T00:00:00+00:00,78238.81675008619,,,,coingecko
bitcoin,1d,2026-04-24T00:00:00+00:00,78275.32582745969,,,,coingecko
bitcoin,1d,2026-04-25T00:00:00+00:00,77447.61757991764,,,,coingecko
bitcoin,1d,2026-04-26T00:00:00+00:00,77634.51592192693,,,,coingecko
bitcoin,1d,2026-04-27T00:00:00+00:00,78637.74356150378,,,,coingecko
bitcoin,1d,2026-04-28T00:00:00+00:00,77366.78442217235,,,,coingecko
bitcoin,1d,2026-04-29T00:00:00+00:00,76331.86443470464,,,,coingecko
bitcoin,1d,2026-04-30T00:00:00+00:00,75784.95743624517,,,,coingecko
bitcoin,1d,2026-05-01T00:00:00+00:00,76296.7964844269,,,,coingecko
bitcoin,1d,2026-05-02T00:00:00+00:00,78207.76425489692,,,,coingecko
bitcoin,1d,2026-05-03T00:00:00+00:00,78677.4246327222,,,,coingecko
bitcoin,1d,2026-05-04T00:00:00+00:00,78512.09246456268,,,,coingecko
bitcoin,1d,2026-05-05T00:00:00+00:00,79825.8751129579,,,,coingecko
bitcoin,1d,2026-05-06T00:00:00+00:00,80913.9613749304,,,,coingecko
bitcoin,1d,2026-05-07T00:00:00+00:00,81436.85936825167,,,,coingecko
bitcoin,1d,2026-05-08T00:00:00+00:00,80024.90767231231,,,,coingecko
bitcoin,1d,2026-05-09T00:00:00+00:00,80197.2669977041,,,,coingecko
bitcoin,1d,2026-05-10T00:00:00+00:00,80677.64981723971,,,,coingecko
bitcoin,1d,2026-05-11T00:00:00+00:00,82018.3711243874,,,,coingecko
bitcoin,1d,2026-05-12T00:00:00+00:00,81627.56604995472,,,,coingecko
bitcoin,1d,2026-05-13T00:00:00+00:00,80482.14377829393,,,,coingecko
bitcoin,1d,2026-05-14T00:00:00+00:00,79288.8420865621,,,,coingecko
bitcoin,1d,2026-05-15T00:00:00+00:00,81059.11595417073,,,,coingecko
bitcoin,1d,2026-05-16T00:00:00+00:00,79068.6684041429,,,,coingecko
bitcoin,1d,2026-05-17T00:00:00+00:00,78132.7535126921,,,,coingecko
bitcoin,1d,2026-05-18T00:00:00+00:00,77428.51866052429,,,,coingecko
bitcoin,1d,2026-05-19T00:00:00+00:00,76959.40571528324,,,,coingecko
bitcoin,1d,2026-05-20T00:00:00+00:00,76758.73155866472,,,,coingecko
bitcoin,1d,2026-05-21T00:00:00+00:00,77470.39614899461,,,,coingecko
bitcoin,1d,2026-05-22T00:00:00+00:00,77550.38308320483,,,,coingecko
bitcoin,1d,2026-05-23T00:00:00+00:00,75478.38285862996,,,,coingecko
bitcoin,1d,2026-05-24T00:00:00+00:00,76684.37097078416,,,,coingecko
bitcoin,1d,2026-05-25T00:00:00+00:00,77016.06581859986,,,,coingecko
bitcoin,1d,2026-05-26T00:00:00+00:00,77258.39912360838,,,,coingecko
bitcoin,1d,2026-05-27T00:00:00+00:00,75851.10409561773,,,,coingecko
bitcoin,1d,2026-05-28T00:00:00+00:00,74339.61694703094,,,,coingecko
bitcoin,1d,2026-05-29T00:00:00+00:00,73651.64255141478,,,,coingecko
bitcoin,1d,2026-05-30T00:00:00+00:00,73500.91507629369,,,,coingecko
bitcoin,1d,2026-05-31T00:00:00+00:00,73820.30385315015,,,,coingecko
bitcoin,1d,2026-06-01T00:00:00+00:00,73598.6681238158,,,,coingecko
bitcoin,1d,2026-06-02T00:00:00+00:00,71320.29306465392,,,,coingecko
bitcoin,1d,2026-06-03T00:00:00+00:00,66727.26415497709,,,,coingecko
bitcoin,1d,2026-06-04T00:00:00+00:00,64046.61064609333,,,,coingecko
bitcoin,1d,2026-06-05T00:00:00+00:00,63810.65923840883,,,,coingecko
bitcoin,1d,2026-06-06T00:00:00+00:00,60960.10140035313,,,,coingecko
bitcoin,1d,2026-06-07T00:00:00+00:00,60855.25426528331,,,,coingecko
bitcoin,1d,2026-06-08T00:00:00+00:00,63273.537430635515,,,,coingecko
bitcoin,1d,2026-06-09T00:00:00+00:00,63069.147792658114,,,,coingecko
bitcoin,1d,2026-06-10T00:00:00+00:00,61669.76384194788,,,,coingecko
bitcoin,1d,2026-06-11T00:00:00+00:00,61480.144432833426,,,,coingecko
bitcoin,1d,2026-06-12T00:00:00+00:00,63555.66181107698,,,,coingecko
bitcoin,1d,2026-06-13T00:00:00+00:00,63532.27782485316,,,,coingecko
bitcoin,1d,2026-06-14T00:00:00+00:00,64408.80975375945,,,,coingecko
bitcoin,1d,2026-06-15T00:00:00+00:00,65709.31094599118,,,,coingecko
bitcoin,1d,2026-06-16T00:00:00+00:00,66292.50117921834,,,,coingecko
bitcoin,1d,2026-06-17T00:00:00+00:00,65619.28080038042,,,,coingecko
bitcoin,1d,2026-06-18T00:00:00+00:00,64444.545329668814,,,,coingecko
bitcoin,1d,2026-06-19T00:00:00+00:00,62897.23855524796,,,,coingecko
bitcoin,1d,2026-06-20T00:00:00+00:00,63489.81094752525,,,,coingecko
bitcoin,1d,2026-06-21T00:00:00+00:00,64253.39869532133,,,,coingecko
bitcoin,1d,2026-06-22T00:00:00+00:00,63255.48525259375,,,,coingecko
bitcoin,1d,2026-06-23T00:00:00+00:00,63937.28526422244,,,,coingecko
bitcoin,1d,2026-06-24T00:00:00+00:00,62662.29201921944,,,,coingecko
bitcoin,1d,2026-06-25T00:00:00+00:00,60989.57352152134,,,,coingecko
bitcoin,1d,2026-06-26T00:00:00+00:00,59726.73653480851,,,,coingecko
bitcoin,1d,2026-06-27T00:00:00+00:00,60022.32566638378,,,,coingecko
bitcoin,1d,2026-06-28T00:00:00+00:00,59953.443344011124,,,,coingecko
bitcoin,1d,2026-06-29T00:00:00+00:00,59494.606386317784,,,,coingecko
bitcoin,1d,2026-06-30T00:00:00+00:00,60152.35872063589,,,,coingecko
bitcoin,1d,2026-07-01T00:00:00+00:00,58566.091991843154,,,,coingecko
bitcoin,1d,2026-07-02T00:00:00+00:00,59967.685041718134,,,,coingecko
bitcoin,1d,2026-07-03T00:00:00+00:00,61490.21448471664,,,,coingecko
bitcoin,1d,2026-07-04T00:00:00+00:00,62553.61289177051,,,,coingecko
bitcoin,1d,2026-07-05T00:00:00+00:00,63088.406753852214,,,,coingecko
bitcoin,1d,2026-07-06T00:00:00+00:00,63586.102141021256,,,,coingecko
bitcoin,1d,2026-07-07T00:00:00+00:00,64001.23542391328,,,,coingecko
bitcoin,1d,2026-07-08T00:00:00+00:00,63335.30929080668,,,,coingecko
bitcoin,1d,2026-07-09T00:00:00+00:00,62247.1304822092,,,,coingecko
bitcoin,1d,2026-07-10T00:00:00+00:00,63192.8789720319,,,,coingecko
bitcoin,1d,2026-07-11T00:00:00+00:00,64110.97482196822,,,,coingecko
bitcoin,1d,2026-07-12T00:00:00+00:00,63791.35305345348,,,,coingecko
bitcoin,1d,2026-07-13T00:00:00+00:00,63746.65595793199,,,,coingecko
bitcoin,1d,2026-07-14T00:00:00+00:00,62278.96301585648,,,,coingecko
bitcoin,1d,2026-07-15T00:00:00+00:00,64983.51907427709,,,,coingecko
bitcoin,1d,2026-07-16T00:00:00+00:00,64717.168891130066,,,,coingecko
bitcoin,1d,2026-07-17T00:00:00+00:00,63792.28742743447,,,,coingecko
bitcoin,1d,2026-07-18T00:00:00+00:00,63904.954014943025,,,,coingecko
bitcoin,1d,2026-07-19T00:00:00+00:00,64795.70382303786,,,,coingecko
bitcoin,1d,2026-07-20T00:00:00+00:00,64670.40117470696,,,,coingecko
bitcoin,1d,2026-07-21T00:00:00+00:00,65184.92144270268,,,,coingecko
bitcoin,1d,2026-07-22T00:00:00+00:00,66520.98164575922,,,,coingecko
bitcoin,1d,2026-07-23T00:00:00+00:00,66077.05646514206,,,,coingecko
bitcoin,1d,2026-07-24T00:00:00+00:00,65052.47667067735,,,,coingecko
bitcoin,1d,2026-07-25T00:00:00+00:00,64092.64739795451,,,,coingecko
bitcoin,1d,2026-07-26T00:00:00+00:00,64318.24520120312,,,,coingecko
bitcoin,1d,2026-07-27T00:00:00+00:00,65343.824510845894,,,,coingecko
bitcoin,1d,2026-07-28T00:00:00+00:00,63701.35288114535,,,,coingecko
bitcoin,1d,2026-07-29T00:00:00+00:00,63881.94327943538,,,,coingecko
bitcoin,1d,2026-07-30T00:00:00+00:00,63916.59794922001,,,,coingecko
bitcoin,1d,2026-07-31T00:00:00+00:00,64743.33714554026,,,,coingecko
bitcoin,1d,2026-08-01T00:00:00+00:00,62820.08613814001,,,,coingecko
bitcoin,1d,2026-08-02T00:00:00+00:00,62772.57726413174,,,,coingecko
bitcoin,1d,2026-08-03T00:00:00+00:00,63504.41559755184,,,,coingecko
bitcoin,1d,2026-08-04T00:00:00+00:00,63465.19968911304,,,,coingecko
bitcoin,1d,2026-08-05T00:00:00+00:00,64062.173729779366,,,,coingecko
bitcoin,1d,2026-08-06T00:00:00+00:00,64608.705388357404,,,,coingecko
bitcoin,1d,2026-08-07T00:00:00+00:00,64262.74830979173,,,,coingecko
bitcoin,1d,2026-08-08T00:00:00+00:00,64879.7560855934,,,,coingecko
bitcoin,1d,2026-08-09T00:00:00+00:00,64917.23929330571,,,,coingecko
bitcoin,1d,2026-08-10T00:00:00+00:00,64856.097825382276,,,,coingecko
bitcoin,1d,2026-08-11T00:00:00+00:00,63915.71213556821,,,,coingecko
bitcoin,1d,2026-08-12T00:00:00+00:00,63537.55988964766,,,,coingecko
bitcoin,1d,2026-08-13T00:00:00+00:00,63408.625697113624,,,,coingecko
bitcoin,1d,2026-08-14T00:00:00+00:00,63429.17906286841,,,,coingecko
bitcoin,1d,2026-08-15T00:00:00+00:00,62984.28959582886,,,,coingecko
bitcoin,1d,2026-08-16T00:00:00+00:00,63031.04825975698,,,,coingecko
bitcoin,1d,2026-08-17T00:00:00+00:00,62843.70368466329,,,,coingecko
bitcoin,1d,2026-08-18T00:00:00+00:00,64491.345282946255,,,,coingecko
bitcoin,1d,2026-08-19T00:00:00+00:00,64686.25782561655,,,,coingecko
bitcoin,1d,2026-08-20T00:00:00+00:00,69291.0104297816,,,,coingecko
bitcoin,1d,2026-08-21T00:00:00+00:00,73020.94563440893,,,,coingecko
bitcoin,1d,2026-08-22T00:00:00+00:00,78317.77716345884,,,,coingecko
bitcoin,1d,2026-08-23T00:00:00+00:00,77081.02299000922,,,,coingecko
bitcoin,1d,2026-08-24T00:00:00+00:00,77712.3200924702,,,,coingecko
bitcoin,1d,2026-08-25T00:00:00+00:00,78973.88693602335,,,,coingecko
bitcoin,1d,2026-08-26T00:00:00+00:00,78511.2331116067,,,,coingecko
bitcoin,1d,2026-08-27T00:00:00+00:00,79018.03405750773,,,,coingecko
bitcoin,1d,2026-08-28T00:00:00+00:00,80268.37474707834,,,,coingecko
bitcoin,1d,2026-08-29T00:00:00+00:00,77820.76428719184,,,,coingecko
bitcoin,1d,2026-08-30T00:00:00+00:00,78225.13950818499,,,,coingecko
bitcoin,1d,2026-08-31T00:00:00+00:00,77658.23133225394,,,,coingecko
bitcoin,1d,2026-09-01T00:00:00+00:00,78552.77932895812,,,,coingecko
bitcoin,1d,2026-09-02T00:00:00+00:00,77416.44110979848,,,,coingecko
bitcoin,1d,2026-09-03T00:00:00+00:00,77297.13347191992,,,,coingecko
bitcoin,1d,2026-09-04T00:00:00+00:00,81264.70153038795,,,,coingecko
bitcoin,1d,2026-09-05T00:00:00+00:00,79671.25767420157,,,,coingecko
bitcoin,1d,2026-09-06T00:00:00+00:00,79821.69873179746,,,,coingecko
bitcoin,1d,2026-09-07T00:00:00+00:00,80329.3478460037,,,,coingecko
bitcoin,1d,2026-09-08T00:00:00+00:00,79093.4641898418,,,,coingecko
bitcoin,1d,2026-09-09T00:00:00+00:00,78450.75303870205,,,,coingecko
bitcoin,1d,2026-09-10T00:00:00+00:00,78283.06047169256,,,,coingecko
bitcoin,1d,2026-09-11T00:00:00+00:00,76554.98664973286,,,,coingecko
bitcoin,1d,2026-09-12T00:00:00+00:00,77203.53444805603,,,,coingecko
bitcoin,1d,2026-09-13T00:00:00+00:00,77261.62722069985,,,,coingecko
bitcoin,1d,2026-09-14T00:00:00+00:00,76819.04496746542,,,,coingecko
bitcoin,1d,2026-09-15T00:00:00+00:00,78173.35158344489,,,,coingecko
bitcoin,1d,2026-09-16T00:00:00+00:00,75590.24471973324,,,,coingecko
bitcoin,1d,2026-09-17T00:00:00+00:00,76146.81236783884,,,,coingecko
bitcoin,1d,2026-09-18T00:00:00+00:00,76371.3617203135,,,,coingecko
bitcoin,1d,2026-09-19T00:00:00+00:00,80873.58287659245,,,,coingecko
bitcoin,1d,2026-09-20T00:00:00+00:00,81236.41383660372,,,,coingecko
bitcoin,1d,2026-09-21T00:00:00+00:00,81169.03511950027,,,,coingecko
bitcoin,1d,2026-09-22T00:00:00+00:00,86596.74004249526,,,,coingecko
bitcoin,1d,2026-09-23T00:00:00+00:00,86183.29442787907,,,,coingecko
bitcoin,1d,2026-09-24T00:00:00+00:00,84382.39990356649,,,,coingecko
bitcoin,1d,2026-09-25T00:00:00+00:00,84377.96508359577,,,,coingecko
bitcoin,1d,2026-09-26T00:00:00+00:00,84075.71659039952,,,,coingecko
bitcoin,4h,2026-08-28T08:00:00+00:00,79557.5601810478,69327670574.7054,79955.34798195303,78895.74199390075,coingecko
bitcoin,4h,2026-08-28T12:00:00+00:00,79607.76745531596,136791010361.76505,80005.80629259253,79010.566471848,coingecko
bitcoin,4h,2026-08-28T16:00:00+00:00,77532.27507668122,143953288715.44373,78762.43190195315,77144.61370129781,coingecko
bitcoin,4h,2026-08-28T20:00:00+00:00,77738.78291524075,144643063705.38943,78127.47682981695,76959.32381637546,coingecko
bitcoin,4h,2026-08-29T00:00:00+00:00,77669.86720102842,138713167481.23654,78209.8681086278,77281.51786502328,coingecko
bitcoin,4h,2026-08-29T04:00:00+00:00,77461.03011140913,125924109116.97835,78034.0895963981,77073.72496085208,coingecko
bitcoin,4h,2026-08-29T08:00:00+00:00,77644.01867275102,119898467495.24568,78038.07500343777,77245.85043083857,coingecko
bitcoin,4h,2026-08-29T12:00:00+00:00,78010.76127895089,108952609967.30527,78400.81508534563,77195.45891812086,coingecko
bitcoin,4h,2026-08-29T16:00:00+00:00,78157.9775371948,76272426578.09514,78548.76742488077,77467.01810088231,coingecko
bitcoin,4h,2026-08-29T20:00:00+00:00,78221.78563841502,63628705974.80509,78612.8945666071,77734.18222703168,coingecko
bitcoin,4h,2026-08-30T00:00:00+00:00,78102.99055280742,59459453874.419395,78616.26520572591,77684.31963729883,coingecko
bitcoin,4h,2026-08-30T04:00:00+00:00,78274.40362063059,57797672402.76443,78665.77563873373,77707.94736068112,coingecko
bitcoin,4h,2026-08-30T08:00:00+00:00,78133.05344833987,52718810793.0196,78523.71871558156,77612.44220584679,coingecko
bitcoin,4h,2026-08-30T12:00:00+00:00,78776.41086229906,55275319020.67322,79252.3556505227,77762.10165910213,coingecko
bitcoin,4h,2026-08-30T16:00:00+00:00,79022.03995992609,60884731123.52426,79712.62910782547,78414.46965559677,coingecko
bitcoin,4h,2026-08-30T20:00:00+00:00,78415.92036320959,65121361815.20867,79240.63413881602,78023.84076139354,coingecko
bitcoin,4h,2026-08-31T00:00:00+00:00,77453.7976096339,80062146674.25739,78299.83309076894,77066.52862158573,coingecko
bitcoin,4h,2026-08-31T04:00:00+00:00,78077.85980076663,88483389667.81924,78468.24909977046,77224.66914320507,coingecko
bitcoin,4h,2026-08-31T08:00:00+00:00,78669.88490276886,101519213095.34273,79063.2343272827,77792.14199315279,coingecko
bitcoin,4h,2026-08-31T12:00:00+00:00,78590.3128650354,111276042934.47446,78983.26442936057,77452.37138353915,coingecko
bitcoin,4h,2026-08-31T16:00:00+00:00,79029.07045078847,123580538484.87259,79424.2158030424,78161.37178150118,coingecko
bitcoin,4h,2026-08-31T20:00:00+00:00,78557.79779181909,127944902593.47293,79349.94381638397,78165.00880285999,coingecko
bitcoin,4h,2026-09-01T00:00:00+00:00,78421.83031494952,117720086267.52795,79023.2821177381,77957.37379373555,coingecko
bitcoin,4h,2026-09-01T04:00:00+00:00,78720.23655912721,118319272785.3562,79529.26953929964,78267.64369528349,coingecko
bitcoin,4h,2026-09-01T08:00:00+00:00,78010.95910528673,117810924670.84126,79005.97125050376,77479.81844547515,coingecko
bitcoin,4h,2026-09-01T12:00:00+00:00,78137.78899466433,117597001692.93939,78528.47793963764,77592.01386759989,coingecko
bitcoin,4h,2026-09-01T16:00:00+00:00,77112.94064912885,114511686586.70375,78290.78998255482,76727.3759458832,coingecko
bitcoin,4h,2026-09-01T20:00:00+00:00,77240.801579754,119248210525.34647,77797.52011838449,76788.60315857394,coingecko
bitcoin,4h,2026-09-02T00:00:00+00:00,77275.44455077226,120616715711.86177,77803.52331534747,76582.79671887269,coingecko
bitcoin,4h,2026-09-02T04:00:00+00:00,77561.76741171286,121639117350.37184,78020.96446662297,77135.72209464556,coingecko
bitcoin,4h,2026-09-02T08:00:00+00:00,76632.61833148886,117817802985.00351,77835.40375062676,76249.45523983141,coingecko
bitcoin,4h,2026-09-02T12:00:00+00:00,77019.25544923359,120172032305.55515,77456.03997596542,76208.49437527583,coingecko
bitcoin,4h,2026-09-02T16:00:00+00:00,77336.11227500642,117427079251.19308,77727.79716379393,76769.69909601753,coingecko
bitcoin,4h,2026-09-02T20:00:00+00:00,77004.75414720885,108491314149.06831,77772.51908471534,76619.7303764728,coingecko
bitcoin,4h,2026-09-03T00:00:00+00:00,77776.26490321505,106098342401.91457,78165.14622773112,76657.98441384538,coingecko
bitcoin,4h,2026-09-03T04:00:00+00:00,77792.64435816841,108150594325.20502,78181.60757995925,77293.16783562893,coingecko
bitcoin,4h,2026-09-03T08:00:00+00:00,77700.31017955823,106559255736.57509,78199.54792444795,77196.86576623139,coingecko
bitcoin,4h,2026-09-03T12:00:00+00:00,80503.98990012161,106796779960.50507,80906.5098496222,77523.57523967158,coingecko
bitcoin,4h,2026-09-03T16:00:00+00:00,81244.43792979473,134876567767.56906,81728.31589928464,80553.97031455122,coingecko
bitcoin,4h,2026-09-03T20:00:00+00:00,81142.27254272846,151019693387.02054,82139.93265500222,80736.56118001482,coingecko
bitcoin,4h,2026-09-04T00:00:00+00:00,80812.35052737984,160669865788.7707,81671.02503803988,80408.28877474293,coingecko
bitcoin,4h,2026-09-04T04:00:00+00:00,80775.9080604573,162325121734.56427,81461.13222916528,80372.02852015501,coingecko
bitcoin,4h,2026-09-04T08:00:00+00:00,81166.63283313578,167305607320.79352,81572.46599730145,80235.18608006502,coingecko
bitcoin,4h,2026-09-04T12:00:00+00:00,78918.77058040584,179608026270.78546,81629.09165057351,78524.1767275038,coingecko
bitcoin,4h,2026-09-04T16:00:00+00:00,79623.42306987401,165416884653.4564,80151.90739191553,79014.20034697716,coingecko
bitcoin,4h,2026-09-04T20:00:00+00:00,79648.8752251388,150500718704.88544,80178.19259499405,79250.63084901312,coingecko
bitcoin,4h,2026-09-05T00:00:00+00:00,79577.31078765137,138020268318.13898,80069.61396257256,79149.58993515366,coingecko
bitcoin,4h,2026-09-05T04:00:00+00:00,79657.8072660828,130169379660.7458,80056.0963024132,79115.72113635506,coingecko
bitcoin,4h,2026-09-05T08:00:00+00:00,79624.2235567454,119659148416.18091,80110.52656571269,79226.10243896168,coingecko
bitcoin,4h,2026-09-05T12:00:00+00:00,79730.88136501185,92587916888.1239,80129.5357718369,79218.64514237818,coingecko
bitcoin,4h,2026-09-05T16:00:00+00:00,79987.72340498707,74328600788.89249,80453.88062750685,79404.37796457342,coingecko
bitcoin,4h,2026-09-05T20:00:00+00:00,79781.05895269189,74390846591.81837,80309.04321012882,79342.5182416161,coingecko
bitcoin,4h,2026-09-06T00:00:00+00:00,79906.5630995094,75610313107.16876,80359.1008883899,79422.59023813847,coingecko
bitcoin,4h,2026-09-06T04:00:00+00:00,79772.81701990326,77519545833.1879,80426.45127002876,79373.95293480375,coingecko
bitcoin,4h,2026-09-06T08:00:00+00:00,80001.87569426838,79927530335.6318,80401.88507273972,79412.46726515614,coingecko
bitcoin,4h,2026-09-06T12:00:00+00:00,79526.7967398626,80898002111.15251,80318.21996265704,79129.16275616329,coingecko
bitcoin,4h,2026-09-06T16:00:00+00:00,79944.44972766159,78374350864.15833,80344.17197629988,79270.30208789094,coingecko
bitcoin,4h,2026-09-06T20:00:00+00:00,80046.70819196723,74483662110.8107,80446.94173292707,79415.51751690201,coingecko
bitcoin,4h,2026-09-07T00:00:00+00:00,79848.98832803365,81526055251.9602,80730.99458523371,79449.74338639349,coingecko
bitcoin,4h,2026-09-07T04:00:00+00:00,79647.51433159942,86258145010.9783,80149.0836148608,79190.9210232156,coingecko
bitcoin,4h,2026-09-07T08:00:00+00:00,79353.98413473983,90761125119.84927,79825.38220958436,78916.52141913211,coingecko
bitcoin,4h,2026-09-07T12:00:00+00:00,79180.43723886288,91699882225.0079,79987.23195437255,78784.53505266857,coingecko
bitcoin,4h,2026-09-07T16:00:00+00:00,79189.57835780756,96890082443.23715,79585.52624959659,78414.78154125207,coingecko
bitcoin,4h,2026-09-07T20:00:00+00:00,78929.34832981802,96928465415.17035,79747.03055086445,78534.70158816893,coingecko
bitcoin,4h,2026-09-08T00:00:00+00:00,78927.12553007393,91610621403.74197,79809.93268092503,78532.48990242356,coingecko
bitcoin,4h,2026-09-08T04:00:00+00:00,78312.37422202768,94476215197.66344,79281.55212756128,77920.81235091753,coingecko
bitcoin,4h,2026-09-08T08:00:00+00:00,78558.18691040784,112487141310.53104,79120.75989806297,77993.08612799911,coingecko
bitcoin,4h,2026-09-08T12:00:00+00:00,78535.15771615456,123526588235.5096,78927.83350473532,77567.90211474022,coingecko
bitcoin,4h,2026-09-08T16:00:00+00:00,78433.71650549663,135912526752.68405,79246.27362667586,78041.54792296916,coingecko
bitcoin,4h,2026-09-08T20:00:00+00:00,78548.73323714682,144636593273.7378,78941.47690333254,78018.47185021709,coingecko
bitcoin,4h,2026-09-09T00:00:00+00:00,78722.42026766515,148704671437.78778,79270.99548503051,78058.49927350854,coingecko
bitcoin,4h,2026-09-09T04:00:00+00:00,79134.18275483722,147869010906.9609,79548.14032546412,78230.99821895732,coingecko
bitcoin,4h,2026-09-09T08:00:00+00:00,78929.69196056157,134912196653.61057,80046.68973499387,78535.04350075877,coingecko
bitcoin,4h,2026-09-09T12:00:00+00:00,78949.21330811581,134098730224.88687,79983.46412183436,78554.46724157523,coingecko
bitcoin,4h,2026-09-09T16:00:00+00:00,78422.80587151789,137373085998.0997,79170.53854116579,78030.6918421603,coingecko
bitcoin,4h,2026-09-09T20:00:00+00:00,77927.77053945823,138136135189.688,78667.68742366273,77538.13168676094,coingecko
bitcoin,4h,2026-09-10T00:00:00+00:00,78329.34789117156,140463749629.16776,78720.99463062742,77662.76506663942,coingecko
bitcoin,4h,2026-09-10T04:00:00+00:00,78404.78123386322,138631499367.9504,78884.89150750233,77907.34675152137,coingecko
bitcoin,4h,2026-09-10T08:00:00+00:00,77851.89715450257,131647456454.55482,78487.16975865631,77462.63766873005,coingecko
bitcoin,4h,2026-09-10T12:00:00+00:00,77359.53454949934,134610985855.32486,78219.70835670472,76484.70043649628,coingecko
bitcoin,4h,2026-09-10T16:00:00+00:00,77212.77264242084,129851072455.02327,77697.51202823679,76767.27621920075,coingecko
bitcoin,4h,2026-09-10T20:00:00+00:00,76817.93214328661,123277501712.51828,77632.46262141054,76433.84248257018,coingecko
bitcoin,4h,2026-09-11T00:00:00+00:00,76824.79305692423,119144066047.29175,77333.58246761875,76172.21171648419,coingecko
bitcoin,4h,2026-09-11T04:00:00+00:00,77261.37992526557,119578841980.48987,77647.68682489189,76485.80709554568,coingecko
bitcoin,4h,2026-09-11T08:00:00+00:00,76968.87281415956,117220670487.23436,77721.73836408126,76584.02845008876,coingecko
bitcoin,4h,2026-09-11T12:00:00+00:00,78783.77426720792,123306365721.58774,79552.87944924468,76610.99511438316,coingecko
bitcoin,4h,2026-09-11T16:00:00+00:00,77036.83954890422,137360966255.80623,78306.6978899311,76651.6553511597,coingecko
bitcoin,4h,2026-09-11T20:00:00+00:00,77128.66953731132,141524884178.98364,77701.69499888277,76697.18364622827,coingecko
bitcoin,4h,2026-09-12T00:00:00+00:00,77256.74504889011,139058916592.71527,77662.91114151051,76817.51677581575,coingecko
bitcoin,4h,2026-09-12T04:00:00+00:00,77277.42306540738,134214131686.66652,77663.8101807344,76818.01167034595,coingecko
bitcoin,4h,2026-09-12T08:00:00+00:00,77316.51970578285,131929725476.98105,77729.25074110324,76871.3280965635,coingecko
bitcoin,4h,2026-09-12T12:00:00+00:00,77445.64426190322,106711351219.72717,77832.87248321272,76930.58839875873,coingecko
bitcoin,4h,2026-09-12T16:00:00+00:00,77123.41691461387,73799462594.0657,77753.75938183292,76737.7998300408,coingecko
bitcoin,4h,2026-09-12T20:00:00+00:00,77218.57922842517,66157429581.20613,77631.83786836317,76728.06964750608,coingecko
bitcoin,4h,2026-09-13T00:00:00+00:00,77273.86828489418,61166557797.09422,77689.50072603824,76872.23329062214,coingecko
bitcoin,4h,2026-09-13T04:00:00+00:00,77098.83617669597,59685953806.24855,77685.82702110066,76713.34199581249,coingecko
bitcoin,4h,2026-09-13T08:00:00+00:00,76639.40143000401,60458714075.42233,77486.71584062275,76256.20442285399,coingecko
bitcoin,4h,2026-09-13T12:00:00+00:00,77186.99824765752,62607084326.37496,77572.9332388958,76346.4636241619,coingecko
bitcoin,4h,2026-09-13T16:00:00+00:00,77322.83387513856,63323071478.411964,77709.44804451424,76726.44233289034,coingecko
bitcoin,4h,2026-09-13T20:00:00+00:00,76682.56817293397,60466678350.770195,77707.6126607707,76299.1553320693,coingecko
bitcoin,4h,2026-09-14T00:00:00+00:00,77570.55529884281,68484207021.896835,77958.40807533702,76383.13820786134,coingecko
bitcoin,4h,2026-09-14T04:00:00+00:00,77556.33204977703,78979125478.6354,78033.21955545821,77163.99454584972,coingecko
bitcoin,4h,2026-09-14T08:00:00+00:00,77879.63832939527,83330495510.06519,78503.78314699445,77309.29773804336,coingecko
bitcoin,4h,2026-09-14T12:00:00+00:00,78476.07323013752,92098825545.62268,78868.45359628821,77260.50547391352,coingecko
bitcoin,4h,2026-09-14T16:00:00+00:00,79208.67421437381,111472352570.1246,79604.71758544567,78168.98065834634,coingecko
bitcoin,4h,2026-09-14T20:00:00+00:00,78539.73849882335,128325472525.94243,79491.46819360294,78147.03980632924,coingecko
bitcoin,4h,2026-09-15T00:00:00+00:00,77885.53242277539,128153647163.23956,78564.21834136211,77496.10476066152,coingecko
bitcoin,4h,2026-09-15T04:00:00+00:00,77250.88177147276,123910150652.33727,78037.7812403644,76864.6273626154,coingecko
bitcoin,4h,2026-09-15T08:00:00+00:00,77022.84521789337,126714457400.58226,77407.95944398282,76517.47824086918,coingecko
bitcoin,4h,2026-09-15T12:00:00+00:00,75903.01064422875,130695494970.29138,77315.41725009866,75523.49559100761,coingecko
bitcoin,4h,2026-09-15T16:00:00+00:00,75965.38663268033,143732328619.3374,77297.32463346324,75585.55969951692,coingecko
bitcoin,4h,2026-09-15T20:00:00+00:00,75645.58490916989,158242829039.56976,76493.37875367666,75006.78690672427,coingecko
bitcoin,4h,2026-09-16T00:00:00+00:00,75831.86578487034,158867519728.29172,76211.02511379469,75069.51942288617,coingecko
bitcoin,4h,2026-09-16T04:00:00+00:00,75963.64384661049,157909271305.69897,76343.46206584353,75393.60928793979,coingecko
bitcoin,4h,2026-09-16T08:00:00+00:00,75892.18304513379,155471631321.35828,76310.42155725589,75296.59139184306,coingecko
bitcoin,4h,2026-09-16T12:00:00+00:00,75628.25325189572,148355485550.60886,76574.39155420152,75230.28612286138,coingecko
bitcoin,4h,2026-09-16T16:00:00+00:00,75761.23608006895,131161087163.31436,76140.04226046929,75330.90870392509,coingecko
bitcoin,4h,2026-09-16T20:00:00+00:00,75622.80385532479,125326193832.16492,76498.02328250627,75244.68983604817,coingecko
bitcoin,4h,2026-09-17T00:00:00+00:00,76308.60784780057,124197281621.0437,76701.13312582838,75766.07830599965,coingecko
bitcoin,4h,2026-09-17T04:00:00+00:00,76412.86027527358,123528082939.03531,76856.99896565317,75874.57320525263,coingecko
bitcoin,4h,2026-09-17T08:00:00+00:00,76329.32226836545,118775495744.53796,76884.22179141411,75947.67565702362,coingecko
bitcoin,4h,2026-09-17T12:00:00+00:00,76443.5456147915,120155106277.79524,77062.41492175833,76011.564135844,coingecko
bitcoin,4h,2026-09-17T16:00:00+00:00,76518.29591994952,119110416055.71524,77089.39436689873,76135.70444034977,coingecko
bitcoin,4h,2026-09-17T20:00:00+00:00,76353.2776230547,98156900072.53113,76915.48898374173,75969.45996207453,coingecko
bitcoin,4h,2026-09-18T00:00:00+00:00,76924.54758447783,93638932292.27856,77309.17032240021,75989.50491171193,coingecko
bitcoin,4h,2026-09-18T04:00:00+00:00,77525.33865153576,102426312822.47366,77912.96534479343,76929.90187385997,coingecko
bitcoin,4h,2026-09-18T08:00:00+00:00,78215.4882673457,116186939964.1405,78606.56570868242,77346.5946929686,coingecko
bitcoin,4h,2026-09-18T12:00:00+00:00,80901.08489368358,130527320033.82146,81305.590318152,77586.6154116472,coingecko
bitcoin,4h,2026-09-18T16:00:00+00:00,80917.01895276866,162254872624.74298,81335.38305273744,80290.16216383317,coingecko
bitcoin,4h,2026-09-18T20:00:00+00:00,81124.11668162764,175509265915.59555,81639.44196361175,80703.60060580158,coingecko
bitcoin,4h,2026-09-19T00:00:00+00:00,81275.55262020552,181954021429.44626,82013.62946072673,80469.21496220949,coingecko
bitcoin,4h,2026-09-19T04:00:00+00:00,81026.26995674276,173476451953.4098,81516.13482574018,80587.90306209933,coingecko
bitcoin,4h,2026-09-19T08:00:00+00:00,81203.08709644122,161425040417.80865,81707.58093698705,80693.04938733742,coingecko
bitcoin,4h,2026-09-19T12:00:00+00:00,81543.5714688772,145062384258.81982,81951.28932622158,80870.04562765107,coingecko
bitcoin,4h,2026-09-19T16:00:00+00:00,81407.1543785679,110637261781.59863,82226.34934600837,81000.11860667505,coingecko
bitcoin,4h,2026-09-19T20:00:00+00:00,81226.58014364234,98380345923.32489,81728.2166338552,80671.80691405194,coingecko
bitcoin,4h,2026-09-20T00:00:00+00:00,80275.857517878,93674167302.41818,81673.83931885223,79874.47823028862,coingecko
bitcoin,4h,2026-09-20T04:00:00+00:00,80279.11386599072,100009697154.0597,80866.76141554916,79877.71829666077,coingecko
bitcoin,4h,2026-09-20T08:00:00+00:00,80291.58373525404,98351952541.81741,80843.05464683616,79829.86920216103,coingecko
bitcoin,4h,2026-09-20T12:00:00+00:00,80652.47933380083,95164250907.19159,81055.74173046983,80042.63065041916,coingecko
bitcoin,4h,2026-09-20T16:00:00+00:00,81043.12277078643,95264962048.0145,81706.85807534732,80489.61767096614,coingecko
bitcoin,4h,2026-09-20T20:00:00+00:00,81197.32632288539,95421369805.50989,81603.31295449981,80496.46512884408,coingecko
bitcoin,4h,2026-09-21T00:00:00+00:00,81293.14737623878,100932516578.2103,82000.82467087924,80573.66259503982,coingecko
bitcoin,4h,2026-09-21T04:00:00+00:00,81619.9501019392,97286322693.65541,82028.0498524489,80968.0323255062,coingecko
bitcoin,4h,2026-09-21T08:00:00+00:00,84398.43980182928,131051141169.93945,85043.01492219538,81315.56067545078,coingecko
bitcoin,4h,2026-09-21T12:00:00+00:00,85822.11261773574,183427072720.9859,86251.22318082441,84400.21615618402,coingecko
bitcoin,4h,2026-09-21T16:00:00+00:00,86053.17874673507,216769452961.39014,86483.44464046873,85443.76425348897,coingecko
bitcoin,4h,2026-09-21T20:00:00+00:00,86421.95454677695,237967827751.87646,87403.64075974023,85989.84477404307,coingecko
bitcoin,4h,2026-09-22T00:00:00+00:00,85700.6334938903,243483034002.68484,87029.72374270773,85160.91272581185,coingecko
bitcoin,4h,2026-09-22T04:00:00+00:00,85359.21218813978,248395720143.98795,86085.53056741123,84932.41612719907,coingecko
bitcoin,4h,2026-09-22T08:00:00+00:00,85897.57760275183,231242250625.67935,86638.67450612698,84895.97353616096,coingecko
bitcoin,4h,2026-09-22T12:00:00+00:00,86207.13787784762,200025863492.0339,86742.63850126835,85525.10573633127,coingecko
bitcoin,4h,2026-09-22T16:00:00+00:00,86476.73261291615,185788654195.2346,87020.08018999065,85963.89711114121,coingecko
bitcoin,4h,2026-09-22T20:00:00+00:00,86120.19453430604,175756882755.4319,86681.8954217388,85689.59356163451,coingecko
bitcoin,4h,2026-09-23T00:00:00+00:00,86527.61079359149,170114815605.99554,86960.24884755944,85752.37795573968,coingecko
bitcoin,4h,2026-09-23T04:00:00+00:00,86458.90494964657,167797627728.93906,87594.22470694831,86026.61042489835,coingecko
bitcoin,4h,2026-09-23T08:00:00+00:00,85904.75473339538,165003236158.80798,86553.0158888252,85411.2226054186,coingecko
bitcoin,4h,2026-09-23T12:00:00+00:00,84470.52649714124,165786243286.7304,86219.2772216824,84048.17386465553,coingecko
bitcoin,4h,2026-09-23T16:00:00+00:00,84336.728156199,182284566080.06815,84758.41179697998,83371.94120036565,coingecko
bitcoin,4h,2026-09-23T20:00:00+00:00,84550.14189817327,177921183742.70108,84972.89260766412,83805.28958410029,coingecko
bitcoin,4h,2026-09-24T00:00:00+00:00,84348.7467395268,175049860405.11853,84804.31190308431,83671.89566226854,coingecko
bitcoin,4h,2026-09-24T04:00:00+00:00,84091.30562156744,169318876572.72742,84511.76214967527,83503.14635025524,coingecko
bitcoin,4h,2026-09-24T08:00:00+00:00,83513.46462287672,172824280232.7821,84933.14054814639,82821.92733082503,coingecko
bitcoin,4h,2026-09-24T12:00:00+00:00,83565.98156532156,171565844834.9881,84595.94176491944,83019.52010501393,coingecko
bitcoin,4h,2026-09-24T16:00:00+00:00,84456.14938451325,154925183112.38284,84878.4301314358,83645.8884177977,coingecko
bitcoin,4h,2026-09-24T20:00:00+00:00,84249.38872205936,153049984023.7031,84797.9484292012,83828.14177844906,coingecko
bitcoin,4h,2026-09-25T00:00:00+00:00,84194.82818604415,151683310948.6481,84991.69811228788,83773.85404511393,coingecko
bitcoin,4h,2026-09-25T04:00:00+00:00,84022.62829043277,150099755446.15363,84623.41624587413,83602.5151489806,coingecko
bitcoin,4h,2026-09-25T08:00:00+00:00,84705.75755672692,143492175588.64722,85129.28634451055,83616.18257613255,coingecko
bitcoin,4h,2026-09-25T12:00:00+00:00,83976.22332840896,149487109110.43774,85002.6604017713,83508.75707002723,coingecko
bitcoin,4h,2026-09-25T16:00:00+00:00,83964.00059706246,149548510082.3875,84383.82060004777,83333.30147885067,coingecko
bitcoin,4h,2026-09-25T20:00:00+00:00,84069.47476206647,144781394760.78107,84489.82213587679,83370.80675395274,coingecko
bitcoin,4h,2026-09-26T00:00:00+00:00,84003.68241634751,141261754421.41537,84496.09517335151,83473.55016772781,coingecko
bitcoin,4h,2026-09-26T04:00:00+00:00,83888.60527283332,134726962435.18982,84387.8247909283,83469.16224646915,coingecko
bitcoin,4h,2026-09-26T08:00:00+00:00,84163.11155808344,123266839706.27994,84615.7148370706,83571.57635657457,coingecko
bitcoin,4h,2026-09-26T12:00:00+00:00,84007.50666686968,97931105416.49951,84579.68392178584,83510.50381227469,coingecko
bitcoin,4h,2026-09-26T16:00:00+00:00,83985.91297747173,74853094561.9556,84555.31102005609,83565.98341258438,coingecko
bitcoin,4h,2026-09-26T20:00:00+00:00,84260.05303177399,71030619125.13347,84681.35329693285,83579.25776186523,coingecko
bitcoin,4h,2026-09-27T00:00:00+00:00,84433.25854810969,71095854021.85767,84901.49218352958,83869.86212202757,coingecko
bitcoin,4h,2026-09-27T04:00:00+00:00,84489.39576318179,70012483705.68497,84911.8427419977,83888.64141559176,coingecko
ethereum,1d,2026-01-21T00:00:00+00:00,2941.883255665837,,,,coingecko
ethereum,1d,2026-01-22T00:00:00+00:00,2984.174965536145,,,,coingecko
ethereum,1d,2026-01-23T00:00:00+00:00,2951.3870755868147,,,,coingecko
ethereum,1d,2026-01-24T00:00:00+00:00,2955.1225550231966,,,,coingecko
ethereum,1d,2026-01-25T00:00:00+00:00,2950.844309906184,,,,coingecko
ethereum,1d,2026-01-26T00:00:00+00:00,2812.935403888694,,,,coingecko
ethereum,1d,2026-01-27T00:00:00+00:00,2925.763833023022,,,,coingecko
ethereum,1d,2026-01-28T00:00:00+00:00,3020.015731085415,,,,coingecko
ethereum,1d,2026-01-29T00:00:00+00:00,3011.815000270356,,,,coingecko
ethereum,1d,2026-01-30T00:00:00+00:00,2822.633841401332,,,,coingecko
ethereum,1d,2026-01-31T00:00:00+00:00,2702.9166772970834,,,,coingecko
ethereum,1d,2026-02-01T00:00:00+00:00,2450.663546893,,,,coingecko
ethereum,1d,2026-02-02T00:00:00+00:00,2264.345387690806,,,,coingecko
ethereum,1d,2026-02-03T00:00:00+00:00,2343.45854365222,,,,coingecko
ethereum,1d,2026-02-04T00:00:00+00:00,2226.41311845928,,,,coingecko
ethereum,1d,2026-02-05T00:00:00+00:00,2143.2933986604808,,,,coingecko
ethereum,1d,2026-02-06T00:00:00+00:00,1823.8053314217489,,,,coingecko
ethereum,1d,2026-02-07T00:00:00+00:00,2055.7743792337988,,,,coingecko
ethereum,1d,2026-02-08T00:00:00+00:00,2087.9866273523585,,,,coingecko
ethereum,1d,2026-02-09T00:00:00+00:00,2092.4274588224594,,,,coingecko
ethereum,1d,2026-02-10T00:00:00+00:00,2106.7856442624457,,,,coingecko
ethereum,1d,2026-02-11T00:00:00+00:00,2021.4415907712967,,,,coingecko
ethereum,1d,2026-02-12T00:00:00+00:00,1944.681900647583,,,,coingecko
ethereum,1d,2026-02-13T00:00:00+00:00,1947.8399217972387,,,,coingecko
ethereum,1d,2026-02-14T00:00:00+00:00,2048.3187877857945,,,,coingecko
ethereum,1d,2026-02-15T00:00:00+00:00,2085.705591574723,,,,coingecko
ethereum,1d,2026-02-16T00:00:00+00:00,1967.5499217442239,,,,coingecko
ethereum,1d,2026-02-17T00:00:00+00:00,1998.1759871140314,,,,coingecko
ethereum,1d,2026-02-18T00:00:00+00:00,1994.3527116895793,,,,coingecko
ethereum,1d,2026-02-19T00:00:00+00:00,1954.6531149212074,,,,coingecko
ethereum,1d,2026-02-20T00:00:00+00:00,1949.6068369097477,,,,coingecko
ethereum,1d,2026-02-21T00:00:00+00:00,1967.928380323993,,,,coingecko
ethereum,1d,2026-02-22T00:00:00+00:00,1986.9516807466036,,,,coingecko
ethereum,1d,2026-02-23T00:00:00+00:00,1886.450366591152,,,,coingecko
ethereum,1d,2026-02-24T00:00:00+00:00,1859.2199106790974,,,,coingecko
ethereum,1d,2026-02-25T00:00:00+00:00,1852.0821618898767,,,,coingecko
ethereum,1d,2026-02-26T00:00:00+00:00,2053.097732531376,,,,coingecko
ethereum,1d,2026-02-27T00:00:00+00:00,2027.5050759088144,,,,coingecko
ethereum,1d,2026-02-28T00:00:00+00:00,1931.1188526606693,,,,coingecko
ethereum,1d,2026-03-01T00:00:00+00:00,1966.7219163588757,,,,coingecko
ethereum,1d,2026-03-02T00:00:00+00:00,1939.7957193912328,,,,coingecko
ethereum,1d,2026-03-03T00:00:00+00:00,2028.799011354667,,,,coingecko
ethereum,1d,2026-03-04T00:00:00+00:00,1982.9514132768732,,,,coingecko
ethereum,1d,2026-03-05T00:00:00+00:00,2127.5791778087923,,,,coingecko
ethereum,1d,2026-03-06T00:00:00+00:00,2073.3589471780524,,,,coingecko
ethereum,1d,2026-03-07T00:00:00+00:00,1979.0781325827184,,,,coingecko
ethereum,1d,2026-03-08T00:00:00+00:00,1984.4479694207268,,,,coingecko
ethereum,1d,2026-03-09T00:00:00+00:00,1939.3917593920498,,,,coingecko
ethereum,1d,2026-03-10T00:00:00+00:00,1992.982026905004,,,,coingecko
ethereum,1d,2026-03-11T00:00:00+00:00,2035.1741536034772,,,,coingecko
ethereum,1d,2026-03-12T00:00:00+00:00,2051.9341141166024,,,,coingecko
ethereum,1d,2026-03-13T00:00:00+00:00,2071.9197307868703,,,,coingecko
ethereum,1d,2026-03-14T00:00:00+00:00,2090.073006429967,,,,coingecko
ethereum,1d,2026-03-15T00:00:00+00:00,2107.1131900776604,,,,coingecko
ethereum,1d,2026-03-16T00:00:00+00:00,2182.0726576096104,,,,coingecko
ethereum,1d,2026-03-17T00:00:00+00:00,2343.5310877349557,,,,coingecko
ethereum,1d,2026-03-18T00:00:00+00:00,2320.9509267494554,,,,coingecko
ethereum,1d,2026-03-19T00:00:00+00:00,2203.1349441544735,,,,coingecko
ethereum,1d,2026-03-20T00:00:00+00:00,2139.514195287849,,,,coingecko
ethereum,1d,2026-03-21T00:00:00+00:00,2146.578814982091,,,,coingecko
ethereum,1d,2026-03-22T00:00:00+00:00,2066.1561868530966,,,,coingecko
ethereum,1d,2026-03-23T00:00:00+00:00,2055.681838744274,,,,coingecko
ethereum,1d,2026-03-24T00:00:00+00:00,2152.471302393496,,,,coingecko
ethereum,1d,2026-03-25T00:00:00+00:00,2156.3938779843224,,,,coingecko
ethereum,1d,2026-03-26T00:00:00+00:00,2172.4163328611644,,,,coingecko
ethereum,1d,2026-03-27T00:00:00+00:00,2059.589104363155,,,,coingecko
ethereum,1d,2026-03-28T00:00:00+00:00,1991.5485477905527,,,,coingecko
ethereum,1d,2026-03-29T00:00:00+00:00,2000.0500988359693,,,,coingecko
ethereum,1d,2026-03-30T00:00:00+00:00,1981.7423699353176,,,,coingecko
ethereum,1d,2026-03-31T00:00:00+00:00,2024.0146470848574,,,,coingecko
ethereum,1d,2026-04-01T00:00:00+00:00,2095.4159934323757,,,,coingecko
ethereum,1d,2026-04-02T00:00:00+00:00,2131.5392771024462,,,,coingecko
ethereum,1d,2026-04-03T00:00:00+00:00,2052.336230233669,,,,coingecko
ethereum,1d,2026-04-04T00:00:00+00:00,2009.4212910268097,,,,coingecko
ethereum,1d,2026-04-05T00:00:00+00:00,2052.0685636243165,,,,coingecko
ethereum,1d,2026-04-06T00:00:00+00:00,2066.1981252768373,,,,coingecko
ethereum,1d,2026-04-07T00:00:00+00:00,2100.806140265129,,,,coingecko
ethereum,1d,2026-04-08T00:00:00+00:00,2235.8222062960863,,,,coingecko
ethereum,1d,2026-04-09T00:00:00+00:00,2179.7915700795793,,,,coingecko
ethereum,1d,2026-04-10T00:00:00+00:00,2177.972586699981,,,,coingecko
ethereum,1d,2026-04-11T00:00:00+00:00,2247.4186221630807,,,,coingecko
ethereum,1d,2026-04-12T00:00:00+00:00,2283.0571149299954,,,,coingecko
ethereum,1d,2026-04-13T00:00:00+00:00,2189.221443884993,,,,coingecko
ethereum,1d,2026-04-14T00:00:00+00:00,2374.0162053338927,,,,coingecko
ethereum,1d,2026-04-15T00:00:00+00:00,2326.445177466492,,,,coingecko
ethereum,1d,2026-04-16T00:00:00+00:00,2360.57614677394,,,,coingecko
ethereum,1d,2026-04-17T00:00:00+00:00,2348.987492385873,,,,coingecko
ethereum,1d,2026-04-18T00:00:00+00:00,2421.2905710664027,,,,coingecko
ethereum,1d,2026-04-19T00:00:00+00:00,2351.4600244518356,,,,coingecko
ethereum,1d,2026-04-20T00:00:00+00:00,2264.1941982589246,,,,coingecko
ethereum,1d,2026-04-21T00:00:00+00:00,2314.6386071300276,,,,coingecko
ethereum,1d,2026-04-22T00:00:00+00:00,2326.6640126907014,,,,coingecko
ethereum,1d,2026-04-23T00:00:00+00:00,2375.7144533633987,,,,coingecko
ethereum,1d,2026-04-24T00:00:00+00:00,2331.0953087937605,,,,coingecko
ethereum,1d,2026-04-25T00:00:00+00:00,2315.700185661901,,,,coingecko
ethereum,1d,2026-04-26T00:00:00+00:00,2320.566403725771,,,,coingecko
ethereum,1d,2026-04-27T00:00:00+00:00,2369.1540292624554,,,,coingecko
ethereum,1d,2026-04-28T00:00:00+00:00,2303.8842501308045,,,,coingecko
ethereum,1d,2026-04-29T00:00:00+00:00,2292.7658741534183,,,,coingecko
ethereum,1d,2026-04-30T00:00:00+00:00,2253.620049292702,,,,coingecko
ethereum,1d,2026-05-01T00:00:00+00:00,2256.9491123703424,,,,coingecko
ethereum,1d,2026-05-02T00:00:00+00:00,2295.583440883838,,,,coingecko
ethereum,1d,2026-05-03T00:00:00+00:00,2322.287161264127,,,,coingecko
ethereum,1d,2026-05-04T00:00:00+00:00,2322.5878639164766,,,,coingecko
ethereum,1d,2026-05-05T00:00:00+00:00,2346.1713028945196,,,,coingecko
ethereum,1d,2026-05-06T00:00:00+00:00,2360.6443662859797,,,,coingecko
ethereum,1d,2026-05-07T00:00:00+00:00,2351.0137484161237,,,,coingecko
ethereum,1d,2026-05-08T00:00:00+00:00,2291.302591374564,,,,coingecko
ethereum,1d,2026-05-09T00:00:00+00:00,2307.470372982362,,,,coingecko
ethereum,1d,2026-05-10T00:00:00+00:00,2327.1639474602157,,,,coingecko
ethereum,1d,2026-05-11T00:00:00+00:00,2369.9648714985337,,,,coingecko
ethereum,1d,2026-05-12T00:00:00+00:00,2338.59446825004,,,,coingecko
ethereum,1d,2026-05-13T00:00:00+00:00,2275.747322631228,,,,coingecko
ethereum,1d,2026-05-14T00:00:00+00:00,2258.4839088491867,,,,coingecko
ethereum,1d,2026-05-15T00:00:00+00:00,2282.595746277603,,,,coingecko
ethereum,1d,2026-05-16T00:00:00+00:00,2223.9374886817177,,,,coingecko
ethereum,1d,2026-05-17T00:00:00+00:00,2180.0891100856325,,,,coingecko
ethereum,1d,2026-05-18T00:00:00+00:00,2130.749230126177,,,,coingecko
ethereum,1d,2026-05-19T00:00:00+00:00,2128.8927623239815,,,,coingecko
ethereum,1d,2026-05-20T00:00:00+00:00,2109.3421375885023,,,,coingecko
ethereum,1d,2026-05-21T00:00:00+00:00,2127.468931683584,,,,coingecko
ethereum,1d,2026-05-22T00:00:00+00:00,2132.1443703600044,,,,coingecko
ethereum,1d,2026-05-23T00:00:00+00:00,2064.039749218924,,,,coingecko
ethereum,1d,2026-05-24T00:00:00+00:00,2116.4299126571727,,,,coingecko
ethereum,1d,2026-05-25T00:00:00+00:00,2097.6582568011895,,,,coingecko
ethereum,1d,2026-05-26T00:00:00+00:00,2110.5929717502054,,,,coingecko
ethereum,1d,2026-05-27T00:00:00+00:00,2072.3492159738144,,,,coingecko
ethereum,1d,2026-05-28T00:00:00+00:00,2022.465974317952,,,,coingecko
ethereum,1d,2026-05-29T00:00:00+00:00,2008.1144631178963,,,,coingecko
ethereum,1d,2026-05-30T00:00:00+00:00,2012.5607890669655,,,,coingecko
ethereum,1d,2026-05-31T00:00:00+00:00,2021.665390940461,,,,coingecko
ethereum,1d,2026-06-01T00:00:00+00:00,2005.0520566280852,,,,coingecko
ethereum,1d,2026-06-02T00:00:00+00:00,2003.5794472377934,,,,coingecko
ethereum,1d,2026-06-03T00:00:00+00:00,1858.3640479335945,,,,coingecko
ethereum,1d,2026-06-04T00:00:00+00:00,1811.7149905120527,,,,coingecko
ethereum,1d,2026-06-05T00:00:00+00:00,1769.0317333338,,,,coingecko
ethereum,1d,2026-06-06T00:00:00+00:00,1582.4588294507628,,,,coingecko
ethereum,1d,2026-06-07T00:00:00+00:00,1568.7027946407661,,,,coingecko
ethereum,1d,2026-06-08T00:00:00+00:00,1687.8826846141703,,,,coingecko
ethereum,1d,2026-06-09T00:00:00+00:00,1690.4950851700783,,,,coingecko
ethereum,1d,2026-06-10T00:00:00+00:00,1638.7504135601862,,,,coingecko
ethereum,1d,2026-06-11T00:00:00+00:00,1620.917390707054,,,,coingecko
ethereum,1d,2026-06-12T00:00:00+00:00,1671.86904676229,,,,coingecko
ethereum,1d,2026-06-13T00:00:00+00:00,1665.5551249935475,,,,coingecko
ethereum,1d,2026-06-14T00:00:00+00:00,1680.3055520030994,,,,coingecko
ethereum,1d,2026-06-15T00:00:00+00:00,1725.448928079916,,,,coingecko
ethereum,1d,2026-06-16T00:00:00+00:00,1794.9576599037732,,,,coingecko
ethereum,1d,2026-06-17T00:00:00+00:00,1791.3886783051394,,,,coingecko
ethereum,1d,2026-06-18T00:00:00+00:00,1748.7549735206103,,,,coingecko
ethereum,1d,2026-06-19T00:00:00+00:00,1710.079110757131,,,,coingecko
ethereum,1d,2026-06-20T00:00:00+00:00,1708.87855388619,,,,coingecko
ethereum,1d,2026-06-21T00:00:00+00:00,1739.2769352743533,,,,coingecko
ethereum,1d,2026-06-22T00:00:00+00:00,1704.9130137257484,,,,coingecko
ethereum,1d,2026-06-23T00:00:00+00:00,1725.1620208904676,,,,coingecko
ethereum,1d,2026-06-24T00:00:00+00:00,1665.7162407218393,,,,coingecko
ethereum,1d,2026-06-25T00:00:00+00:00,1620.6434082953833,,,,coingecko
ethereum,1d,2026-06-26T00:00:00+00:00,1566.0081297519519,,,,coingecko
ethereum,1d,2026-06-27T00:00:00+00:00,1576.9176481850786,,,,coingecko
ethereum,1d,2026-06-28T00:00:00+00:00,1571.9371269098212,,,,coingecko
ethereum,1d,2026-06-29T00:00:00+00:00,1570.0805519413402,,,,coingecko
ethereum,1d,2026-06-30T00:00:00+00:00,1609.751185572177,,,,coingecko
ethereum,1d,2026-07-01T00:00:00+00:00,1569.8271747749748,,,,coingecko
ethereum,1d,2026-07-02T00:00:00+00:00,1608.254387223296,,,,coingecko
ethereum,1d,2026-07-03T00:00:00+00:00,1698.5610521616197,,,,coingecko
ethereum,1d,2026-07-04T00:00:00+00:00,1756.9804642496356,,,,coingecko
ethereum,1d,2026-07-05T00:00:00+00:00,1779.908385139636,,,,coingecko
ethereum,1d,2026-07-06T00:00:00+00:00,1784.2622991817525,,,,coingecko
ethereum,1d,2026-07-07T00:00:00+00:00,1798.557105022033,,,,coingecko
ethereum,1d,2026-07-08T00:00:00+00:00,1771.2223954004269,,,,coingecko
ethereum,1d,2026-07-09T00:00:00+00:00,1742.2494536901065,,,,coingecko
ethereum,1d,2026-07-10T00:00:00+00:00,1744.6953884606253,,,,coingecko
ethereum,1d,2026-07-11T00:00:00+00:00,1795.2394655119474,,,,coingecko
ethereum,1d,2026-07-12T00:00:00+00:00,1787.9485944322748,,,,coingecko
ethereum,1d,2026-07-13T00:00:00+00:00,1805.4862853704624,,,,coingecko
ethereum,1d,2026-07-14T00:00:00+00:00,1774.0909253483635,,,,coingecko
ethereum,1d,2026-07-15T00:00:00+00:00,1890.3093923843837,,,,coingecko
ethereum,1d,2026-07-16T00:00:00+00:00,1916.7586464879018,,,,coingecko
ethereum,1d,2026-07-17T00:00:00+00:00,1863.0065007127855,,,,coingecko
ethereum,1d,2026-07-18T00:00:00+00:00,1840.7681193183653,,,,coingecko
ethereum,1d,2026-07-19T00:00:00+00:00,1862.32234801627,,,,coingecko
ethereum,1d,2026-07-20T00:00:00+00:00,1870.8170349782704,,,,coingecko
ethereum,1d,2026-07-21T00:00:00+00:00,1901.7735152870935,,,,coingecko
ethereum,1d,2026-07-22T00:00:00+00:00,1928.6558956703082,,,,coingecko
ethereum,1d,2026-07-23T00:00:00+00:00,1933.4132583162384,,,,coingecko
ethereum,1d,2026-07-24T00:00:00+00:00,1877.460607698635,,,,coingecko
ethereum,1d,2026-07-25T00:00:00+00:00,1860.4425012275274,,,,coingecko
ethereum,1d,2026-07-26T00:00:00+00:00,1874.4572768280736,,,,coingecko
ethereum,1d,2026-07-27T00:00:00+00:00,1952.9020070235085,,,,coingecko
ethereum,1d,2026-07-28T00:00:00+00:00,1890.4523208978708,,,,coingecko
ethereum,1d,2026-07-29T00:00:00+00:00,1920.4888660862466,,,,coingecko
ethereum,1d,2026-07-30T00:00:00+00:00,1908.7417326276595,,,,coingecko
ethereum,1d,2026-07-31T00:00:00+00:00,1917.5713635462077,,,,coingecko
ethereum,1d,2026-08-01T00:00:00+00:00,1860.5923268286904,,,,coingecko
ethereum,1d,2026-08-02T00:00:00+00:00,1843.443563411847,,,,coingecko
ethereum,1d,2026-08-03T00:00:00+00:00,1882.9305589557664,,,,coingecko
ethereum,1d,2026-08-04T00:00:00+00:00,1858.5376969949996,,,,coingecko
ethereum,1d,2026-08-05T00:00:00+00:00,1868.621381582403,,,,coingecko
ethereum,1d,2026-08-06T00:00:00+00:00,1907.4360439632449,,,,coingecko
ethereum,1d,2026-08-07T00:00:00+00:00,1902.1622720657638,,,,coingecko
ethereum,1d,2026-08-08T00:00:00+00:00,1912.9851571036106,,,,coingecko
ethereum,1d,2026-08-09T00:00:00+00:00,1915.447810935271,,,,coingecko
ethereum,1d,2026-08-10T00:00:00+00:00,1908.940734099038,,,,coingecko
ethereum,1d,2026-08-11T00:00:00+00:00,1871.3976551883159,,,,coingecko
ethereum,1d,2026-08-12T00:00:00+00:00,1880.4862005694617,,,,coingecko
ethereum,1d,2026-08-13T00:00:00+00:00,1877.743530062547,,,,coingecko
ethereum,1d,2026-08-14T00:00:00+00:00,1884.3941576877892,,,,coingecko
ethereum,1d,2026-08-15T00:00:00+00:00,1880.3285280890423,,,,coingecko
ethereum,1d,2026-08-16T00:00:00+00:00,1880.9591561894488,,,,coingecko
ethereum,1d,2026-08-17T00:00:00+00:00,1874.401898191962,,,,coingecko
ethereum,1d,2026-08-18T00:00:00+00:00,1912.2734691708965,,,,coingecko
ethereum,1d,2026-08-19T00:00:00+00:00,1916.3998901478055,,,,coingecko
ethereum,1d,2026-08-20T00:00:00+00:00,2251.7346140069594,,,,coingecko
ethereum,1d,2026-08-21T00:00:00+00:00,2326.5282334236576,,,,coingecko
ethereum,1d,2026-08-22T00:00:00+00:00,2514.967577695514,,,,coingecko
ethereum,1d,2026-08-23T00:00:00+00:00,2423.4127407436827,,,,coingecko
ethereum,1d,2026-08-24T00:00:00+00:00,2462.403924751607,,,,coingecko
ethereum,1d,2026-08-25T00:00:00+00:00,2481.879430655568,,,,coingecko
ethereum,1d,2026-08-26T00:00:00+00:00,2442.0111121033965,,,,coingecko
ethereum,1d,2026-08-27T00:00:00+00:00,2506.3431057180687,,,,coingecko
ethereum,1d,2026-08-28T00:00:00+00:00,2511.461241063819,,,,coingecko
ethereum,1d,2026-08-29T00:00:00+00:00,2442.407614756763,,,,coingecko
ethereum,1d,2026-08-30T00:00:00+00:00,2457.089335222437,,,,coingecko
ethereum,1d,2026-08-31T00:00:00+00:00,2416.2418165172735,,,,coingecko
ethereum,1d,2026-09-01T00:00:00+00:00,2466.565659094493,,,,coingecko
ethereum,1d,2026-09-02T00:00:00+00:00,2417.6758884733536,,,,coingecko
ethereum,1d,2026-09-03T00:00:00+00:00,2390.783044679688,,,,coingecko
ethereum,1d,2026-09-04T00:00:00+00:00,2507.6482840896088,,,,coingecko
ethereum,1d,2026-09-05T00:00:00+00:00,2456.085066364875,,,,coingecko
ethereum,1d,2026-09-06T00:00:00+00:00,2480.0031686031184,,,,coingecko
ethereum,1d,2026-09-07T00:00:00+00:00,2514.0092688310365,,,,coingecko
ethereum,1d,2026-09-08T00:00:00+00:00,2489.3967543757462,,,,coingecko
ethereum,1d,2026-09-09T00:00:00+00:00,2485.0697039871584,,,,coingecko
ethereum,1d,2026-09-10T00:00:00+00:00,2467.529167979314,,,,coingecko
ethereum,1d,2026-09-11T00:00:00+00:00,2437.514812545618,,,,coingecko
ethereum,1d,2026-09-12T00:00:00+00:00,2514.846819245876,,,,coingecko
ethereum,1d,2026-09-13T00:00:00+00:00,2525.267261590238,,,,coingecko
ethereum,1d,2026-09-14T00:00:00+00:00,2476.682526163658,,,,coingecko
ethereum,1d,2026-09-15T00:00:00+00:00,2514.759550467769,,,,coingecko
ethereum,1d,2026-09-16T00:00:00+00:00,2397.4972601650115,,,,coingecko
ethereum,1d,2026-09-17T00:00:00+00:00,2415.9596535242995,,,,coingecko
ethereum,1d,2026-09-18T00:00:00+00:00,2446.143252227872,,,,coingecko
ethereum,1d,2026-09-19T00:00:00+00:00,2611.5555571198493,,,,coingecko
ethereum,1d,2026-09-20T00:00:00+00:00,2632.0095970320526,,,,coingecko
ethereum,1d,2026-09-21T00:00:00+00:00,2644.7349398187544,,,,coingecko
ethereum,1d,2026-09-22T00:00:00+00:00,2775.1686826711957,,,,coingecko
ethereum,1d,2026-09-23T00:00:00+00:00,2752.629093198004,,,,coingecko
ethereum,1d,2026-09-24T00:00:00+00:00,2684.342871490596,,,,coingecko
ethereum,1d,2026-09-25T00:00:00+00:00,2687.1259839506374,,,,coingecko
ethereum,1d,2026-09-26T00:00:00+00:00,2690.8886985219224,,,,coingecko
ethereum,4h,2026-08-28T08:00:00+00:00,2505.8834925936812,27388488305.42852,2518.4129100566493,2477.3310003563493,coingecko
ethereum,4h,2026-08-28T12:00:00+00:00,2514.4249840960647,52959326435.41084,2526.9971090165445,2486.093541846821,coingecko
ethereum,4h,2026-08-28T16:00:00+00:00,2427.9204227117457,59516701538.51284,2485.77867719229,2415.780820598187,coingecko
ethereum,4h,2026-08-28T20:00:00+00:00,2441.6155089580407,60066055114.1105,2453.8235865028305,2411.765146115499,coingecko
ethereum,4h,2026-08-29T00:00:00+00:00,2438.5873346666976,58151713141.8286,2455.712841237994,2426.3943979933642,coingecko
ethereum,4h,2026-08-29T04:00:00+00:00,2435.0029487783895,53748204058.00008,2452.4202754278845,2422.8279340344975,coingecko
ethereum,4h,2026-08-29T08:00:00+00:00,2434.652783497196,50547089320.46068,2448.3471059002227,2421.8327529781204,coingecko
ethereum,4h,2026-08-29T12:00:00+00:00,2448.444625275602,45444659879.68876,2460.6868484019797,2422.2226131996945,coingecko
ethereum,4h,2026-08-29T16:00:00+00:00,2452.210695169065,28853666898.447247,2464.47174864491,2432.4080035639818,coingecko
ethereum,4h,2026-08-29T20:00:00+00:00,2452.4996773197377,22694542031.83351,2465.2766977844103,2438.9844455635234,coingecko
ethereum,4h,2026-08-30T00:00:00+00:00,2455.1331122891797,21483855626.812824,2471.318580865616,2442.857446727734,coingecko
ethereum,4h,2026-08-30T04:00:00+00:00,2460.6165285428597,21640808261.473103,2472.9196111855736,2442.8594918897693,coingecko
ethereum,4h,2026-08-30T08:00:00+00:00,2459.1874943123926,21340210525.571777,2471.483431783954,2441.0587644808284,coingecko
ethereum,4h,2026-08-30T12:00:00+00:00,2476.8137204434347,23375688575.909676,2489.1977890456515,2446.910774997549,coingecko
ethereum,4h,2026-08-30T16:00:00+00:00,2510.219250866777,29197913550.314816,2540.610994145055,2467.9242301704944,coingecko
ethereum,4h,2026-08-30T20:00:00+00:00,2469.5722144659694,33962270877.339745,2515.384676548668,2457.2243533936394,coingecko
ethereum,4h,2026-08-31T00:00:00+00:00,2407.0610202706875,45964148807.64162,2439.2645569163674,2395.025715169334,coingecko
ethereum,4h,2026-08-31T04:00:00+00:00,2438.328756592188,50720456840.28812,2450.5204003751483,2405.0966661953876,coingecko
ethereum,4h,2026-08-31T08:00:00+00:00,2454.2808035250914,55468637977.400795,2466.5522075427166,2427.757724665255,coingecko
ethereum,4h,2026-08-31T12:00:00+00:00,2467.220287527495,59112068427.87599,2479.5563889651326,2427.6215462112896,coingecko
ethereum,4h,2026-08-31T16:00:00+00:00,2478.114372577294,59885462190.36232,2490.50494444018,2454.594732979372,coingecko
ethereum,4h,2026-08-31T20:00:00+00:00,2468.2377542236177,58427407095.93948,2494.3564783218644,2455.8965654524995,coingecko
ethereum,4h,2026-09-01T00:00:00+00:00,2464.0407124959743,46963094423.71658,2483.2922910805655,2448.592897371892,coingecko
ethereum,4h,2026-09-01T04:00:00+00:00,2470.891565103835,45371137851.4873,2495.6712794641553,2456.1404187324115,coingecko
ethereum,4h,2026-09-01T08:00:00+00:00,2456.2507008746325,45209546508.15523,2484.2519589960366,2435.445533717647,coingecko
ethereum,4h,2026-09-01T12:00:00+00:00,2447.9527926447568,45735043535.52728,2470.5897017223947,2430.8521637768426,coingecko
ethereum,4h,2026-09-01T16:00:00+00:00,2411.954162178915,45745988131.61113,2460.662253857883,2399.8943913680205,coingecko
ethereum,4h,2026-09-01T20:00:00+00:00,2412.006730051392,49241466486.049065,2431.9853917621194,2399.946696401135,coingecko
ethereum,4h,2026-09-02T00:00:00+00:00,2408.08081242546,51817023774.124664,2429.76426791572,2385.7684246882563,coingecko
ethereum,4h,2026-09-02T04:00:00+00:00,2419.2077780931727,53580359403.22769,2433.8604990316835,2401.114664824096,coingecko
ethereum,4h,2026-09-02T08:00:00+00:00,2371.2181801895204,53471859266.13736,2429.2778586715635,2359.362089288573,coingecko
ethereum,4h,2026-09-02T12:00:00+00:00,2392.412798085326,57223750160.7493,2412.5402307713393,2364.5838242400696,coingecko
ethereum,4h,2026-09-02T16:00:00+00:00,2393.662997648582,56648370175.79109,2405.6313126368245,2373.7511188951657,coingecko
ethereum,4h,2026-09-02T20:00:00+00:00,2378.8379903819814,51938110696.438446,2404.811788061524,2366.9438004300714,coingecko
ethereum,4h,2026-09-03T00:00:00+00:00,2404.6365311727573,50490054570.11238,2416.6597138286206,2367.405300306194,coingecko
ethereum,4h,2026-09-03T04:00:00+00:00,2407.3503806441076,51479610912.03622,2419.387132547328,2390.5061314843924,coingecko
ethereum,4h,2026-09-03T08:00:00+00:00,2395.606209238074,50116828544.50463,2414.6217365960556,2380.7728191548294,coingecko
ethereum,4h,2026-09-03T12:00:00+00:00,2490.0083478380598,48248666097.79942,2502.45838957725,2394.2847270260986,coingecko
ethereum,4h,2026-09-03T16:00:00+00:00,2512.3059650927544,58380622632.49971,2528.1048483738327,2481.421873551041,coingecko
ethereum,4h,2026-09-03T20:00:00+00:00,2496.9382604904717,64598142008.85614,2528.981605360939,2484.453569188019,coingecko
ethereum,4h,2026-09-04T00:00:00+00:00,2506.390457555664,66982321449.08366,2520.1865255100565,2489.7815828279195,coingecko
ethereum,4h,2026-09-04T04:00:00+00:00,2507.3610645117624,67794952235.704575,2521.292125470245,2492.6627381689505,coingecko
ethereum,4h,2026-09-04T08:00:00+00:00,2525.611160083241,71680709320.82796,2538.727001335634,2491.378650053407,coingecko
ethereum,4h,2026-09-04T12:00:00+00:00,2440.7065378816096,80127913088.05124,2535.598906652982,2428.5030051922017,coingecko
ethereum,4h,2026-09-04T16:00:00+00:00,2450.7013589730423,73892610205.29147,2472.839673816297,2433.6020620726144,coingecko
ethereum,4h,2026-09-04T20:00:00+00:00,2451.5592572459245,67973613747.3981,2468.075726287166,2439.263515569357,coingecko
ethereum,4h,2026-09-05T00:00:00+00:00,2453.363423349342,62990644165.18368,2468.365491696699,2440.139221308853,coingecko
ethereum,4h,2026-09-05T04:00:00+00:00,2453.705820414234,59041478470.52782,2465.9743495163048,2437.1830854745076,coingecko
ethereum,4h,2026-09-05T08:00:00+00:00,2454.352772757757,51682472010.04619,2470.6631130453766,2442.0810088939684,coingecko
ethereum,4h,2026-09-05T12:00:00+00:00,2457.4912209236654,34751318330.03882,2471.322690037076,2441.6100423014627,coingecko
ethereum,4h,2026-09-05T16:00:00+00:00,2480.137035008244,26997638764.99784,2492.829998909395,2447.510241098067,coingecko
ethereum,4h,2026-09-05T20:00:00+00:00,2480.989497005367,26662037934.691223,2501.4827941156445,2465.009511419038,coingecko
ethereum,4h,2026-09-06T00:00:00+00:00,2503.424029567272,28772945018.22072,2518.941879438607,2467.6031527601026,coingecko
ethereum,4h,2026-09-06T04:00:00+00:00,2505.8308191159745,32422087529.955933,2525.421018652519,2491.610723902725,coingecko
ethereum,4h,2026-09-06T08:00:00+00:00,2501.507783741625,34205302075.486748,2514.015322660333,2483.0309309157897,coingecko
ethereum,4h,2026-09-06T12:00:00+00:00,2477.4838364188117,35636444211.74171,2514.0656946299573,2465.0964172367176,coingecko
ethereum,4h,2026-09-06T16:00:00+00:00,2494.0281558737934,36813091375.2594,2506.498296653162,2467.211959090287,coingecko
ethereum,4h,2026-09-06T20:00:00+00:00,2507.8723192118205,37066473850.28268,2520.4116808078793,2477.4589336507543,coingecko
ethereum,4h,2026-09-07T00:00:00+00:00,2510.13070627434,40099306726.63901,2526.5793151751914,2491.0585363286405,coingecko
ethereum,4h,2026-09-07T04:00:00+00:00,2497.6281990969737,41211372360.21084,2517.108259762745,2484.8533952581206,coingecko
ethereum,4h,2026-09-07T08:00:00+00:00,2488.6707980449005,43695741479.153114,2503.610102241324,2472.6356851623173,coingecko
ethereum,4h,2026-09-07T12:00:00+00:00,2489.8033833861623,44967400514.74765,2517.6453139798405,2476.7394694211043,coingecko
ethereum,4h,2026-09-07T16:00:00+00:00,2491.6022267869203,47323589172.10336,2508.175854156296,2457.760235320967,coingecko
ethereum,4h,2026-09-07T20:00:00+00:00,2482.2580407717323,47293396953.36235,2507.6395505974806,2469.8467505678736,coingecko
ethereum,4h,2026-09-08T00:00:00+00:00,2484.307280862933,44441881425.35253,2515.7651649669483,2471.8857444586183,coingecko
ethereum,4h,2026-09-08T04:00:00+00:00,2467.5797800696873,42994191105.78998,2497.2901262757928,2455.2418811693387,coingecko
ethereum,4h,2026-09-08T08:00:00+00:00,2481.191729201172,43228029153.99257,2503.281737980893,2464.205679043632,coingecko
ethereum,4h,2026-09-08T12:00:00+00:00,2484.824306263408,44547493259.45337,2497.2484277947246,2446.6175753969014,coingecko
ethereum,4h,2026-09-08T16:00:00+00:00,2486.9922204161066,47571054875.243195,2509.662364427816,2474.557259314026,coingecko
ethereum,4h,2026-09-08T20:00:00+00:00,2488.413117941641,48846408859.73024,2500.8551835313488,2468.853647697677,coingecko
ethereum,4h,2026-09-09T00:00:00+00:00,2493.75614151194,47604230980.018585,2509.8792406821103,2472.644355467223,coingecko
ethereum,4h,2026-09-09T04:00:00+00:00,2499.940699864281,47178565859.925835,2521.5638031116505,2476.122651112443,coingecko
ethereum,4h,2026-09-09T08:00:00+00:00,2487.08856090764,47673692443.434975,2531.2522366536587,2474.653118103102,coingecko
ethereum,4h,2026-09-09T12:00:00+00:00,2498.5887722007874,48428682051.66117,2523.402552874926,2486.0958283397836,coingecko
ethereum,4h,2026-09-09T16:00:00+00:00,2481.2617587807595,49250330163.62392,2507.737207834548,2468.8554499868555,coingecko
ethereum,4h,2026-09-09T20:00:00+00:00,2450.1755494998274,50357137224.248405,2482.894125206427,2437.9246717523283,coingecko
ethereum,4h,2026-09-10T00:00:00+00:00,2474.4861397537984,54098730390.11288,2486.858570452567,2450.594024333788,coingecko
ethereum,4h,2026-09-10T04:00:00+00:00,2479.651163172808,53932181279.2733,2493.651924300098,2461.776226826021,coingecko
ethereum,4h,2026-09-10T08:00:00+00:00,2463.494872278886,50775281444.90837,2484.1274618158127,2451.1773979174914,coingecko
ethereum,4h,2026-09-10T12:00:00+00:00,2442.7301769695327,55365081022.04447,2474.108854620658,2402.432906661641,coingecko
ethereum,4h,2026-09-10T16:00:00+00:00,2467.1829534202398,63096808592.15256,2479.5188681873406,2428.0547108851,coingecko
ethereum,4h,2026-09-10T20:00:00+00:00,2444.535479710121,63179925282.41333,2474.342456451646,2432.31280231157,coingecko
ethereum,4h,2026-09-11T00:00:00+00:00,2446.3793261030023,61267241428.59894,2468.1795391473174,2425.32723848289,coingecko
ethereum,4h,2026-09-11T04:00:00+00:00,2466.091100115586,63075918646.02776,2479.9449071586323,2434.1092560814914,coingecko
ethereum,4h,2026-09-11T08:00:00+00:00,2461.5033664575158,64650081845.09915,2488.3147847755313,2449.195849625228,coingecko
ethereum,4h,2026-09-11T12:00:00+00:00,2606.736428226199,74397634278.39043,2639.691358974769,2444.7699791087057,coingecko
ethereum,4h,2026-09-11T16:00:00+00:00,2536.2016959362822,94237180211.26022,2591.210778267768,2523.5206874566006,coingecko
ethereum,4h,2026-09-11T20:00:00+00:00,2510.82575685818,98025639055.68033,2551.118103191384,2498.271628073889,coingecko
ethereum,4h,2026-09-12T00:00:00+00:00,2513.5449146131873,98833017520.72293,2527.421053342105,2497.7791782787162,coingecko
ethereum,4h,2026-09-12T04:00:00+00:00,2519.0193606216517,95998273139.93048,2531.6144574247596,2498.8853687321275,coingecko
ethereum,4h,2026-09-12T08:00:00+00:00,2532.8418654037273,95422395304.91736,2545.5941008570057,2510.483709843923,coingecko
ethereum,4h,2026-09-12T12:00:00+00:00,2539.530856137153,75443710289.71503,2556.4087407642305,2522.106473301621,coingecko
ethereum,4h,2026-09-12T16:00:00+00:00,2521.8786658239756,43084931221.08366,2547.171732275945,2509.2692724948556,coingecko
ethereum,4h,2026-09-12T20:00:00+00:00,2522.3473241745346,35820060019.44459,2535.901439270813,2506.4106979193343,coingecko
ethereum,4h,2026-09-13T00:00:00+00:00,2521.056292310299,31172527289.423687,2537.893597898189,2508.4510108487475,coingecko
ethereum,4h,2026-09-13T04:00:00+00:00,2512.2068451991654,30683636036.93557,2534.4880496359033,2499.64581097317,coingecko
ethereum,4h,2026-09-13T08:00:00+00:00,2471.357505069824,31979262357.729057,2529.6326278817637,2459.000717544475,coingecko
ethereum,4h,2026-09-13T12:00:00+00:00,2491.977540385618,34631408373.88325,2504.437428087546,2464.5297969659846,coingecko
ethereum,4h,2026-09-13T16:00:00+00:00,2508.739171137495,35584590388.13388,2521.282866993182,2477.979724314049,coingecko
ethereum,4h,2026-09-13T20:00:00+00:00,2474.603187509969,35994103820.47332,2524.7685265859595,2462.230171572419,coingecko
ethereum,4h,2026-09-14T00:00:00+00:00,2510.285504711027,40302394535.830536,2522.836932234582,2464.29911353284,coingecko
ethereum,4h,2026-09-14T04:00:00+00:00,2513.527627543941,44240625923.4903,2528.213630080857,2499.1307001460477,coingecko
ethereum,4h,2026-09-14T08:00:00+00:00,2512.6282228397977,45609413506.833786,2535.8226019834274,2500.0650817255987,coingecko
ethereum,4h,2026-09-14T12:00:00+00:00,2500.419655721502,46633280615.66776,2520.0227399822675,2487.917557442894,coingecko
ethereum,4h,2026-09-14T16:00:00+00:00,2538.4771143641747,52854458721.36543,2551.169499935995,2495.400895110095,coingecko
ethereum,4h,2026-09-14T20:00:00+00:00,2532.2693231393755,63224229567.83821,2582.7532239621773,2519.6079765236786,coingecko
ethereum,4h,2026-09-15T00:00:00+00:00,2511.636025174552,64710190862.94441,2527.9633359276563,2499.077845048679,coingecko
ethereum,4h,2026-09-15T04:00:00+00:00,2484.7170807461157,64841240124.571846,2510.0806335972657,2472.293495342385,coingecko
ethereum,4h,2026-09-15T08:00:00+00:00,2482.823518252931,64988395121.931046,2495.2376358441957,2460.5580735229096,coingecko
ethereum,4h,2026-09-15T12:00:00+00:00,2407.4360855824693,66329909535.05875,2491.6157461381217,2395.398905154557,coingecko
ethereum,4h,2026-09-15T16:00:00+00:00,2401.561768829011,2.2668916592894267e+19,2451.769886251737,2389.5539599848657,coingecko
ethereum,4h,2026-09-15T20:00:00+00:00,2396.3566614857773,79177093728.42436,2426.21094876959,2377.1926456538117,coingecko
ethereum,4h,2026-09-16T00:00:00+00:00,2401.195010549697,77082798230.21902,2413.2009856024456,2377.6107499920677,coingecko
ethereum,4h,2026-09-16T04:00:00+00:00,2403.838923474925,75624933449.0154,2417.8356582541614,2388.5880057671275,coingecko
ethereum,4h,2026-09-16T08:00:00+00:00,2403.2892202965,75986934587.03021,2416.2049475804447,2383.1025838326896,coingecko
ethereum,4h,2026-09-16T12:00:00+00:00,2387.926242281679,73848135094.15198,2432.7666563638727,2375.9866110702706,coingecko
ethereum,4h,2026-09-16T16:00:00+00:00,2402.8911976501977,65552218650.66174,2414.9056536384483,2376.297814779791,coingecko
ethereum,4h,2026-09-16T20:00:00+00:00,2390.6133928734,63668049702.714066,2421.1744543416266,2378.660325909033,coingecko
ethereum,4h,2026-09-17T00:00:00+00:00,2427.2155105053907,64162357346.53501,2439.3515880579175,2403.879855256678,coingecko
ethereum,4h,2026-09-17T04:00:00+00:00,2439.2868776415576,65015519150.72264,2452.6585368956153,2421.775016314611,coingecko
ethereum,4h,2026-09-17T08:00:00+00:00,2433.3036156824655,62000279417.0166,2455.4648060407358,2421.137097604053,coingecko
ethereum,4h,2026-09-17T12:00:00+00:00,2460.096371348093,62847430587.96089,2472.749486385962,2427.0897833622644,coingecko
ethereum,4h,2026-09-17T16:00:00+00:00,2450.2751670036155,62265551957.281815,2480.5679102035597,2438.023791168597,coingecko
ethereum,4h,2026-09-17T20:00:00+00:00,2443.6415744847372,49424993340.997986,2464.0977818518118,2431.4233666123137,coingecko
ethereum,4h,2026-09-18T00:00:00+00:00,2460.8280676018803,47301960992.591705,2473.1322079398897,2433.912535966733,coingecko
ethereum,4h,2026-09-18T04:00:00+00:00,2485.003002738448,52361295810.62448,2497.4280177521396,2464.6952221064325,coingecko
ethereum,4h,2026-09-18T08:00:00+00:00,2511.5142609086934,57919720353.784996,2524.0718322132366,2475.933316721444,coingecko
ethereum,4h,2026-09-18T12:00:00+00:00,2581.0718651497727,65265753479.07586,2593.9772244755213,2487.486900270523,coingecko
ethereum,4h,2026-09-18T16:00:00+00:00,2612.086130633375,80184700684.64894,2625.146561286542,2570.072038015757,coingecko
ethereum,4h,2026-09-18T20:00:00+00:00,2619.718773506136,92035593279.44855,2648.1949246074496,2606.6201796386054,coingecko
ethereum,4h,2026-09-19T00:00:00+00:00,2622.4204157659497,95471019635.2526,2637.267727188479,2598.49777933425,coingecko
ethereum,4h,2026-09-19T04:00:00+00:00,2626.4474188299405,90863452537.26851,2641.7539599154948,2605.6782520667934,coingecko
ethereum,4h,2026-09-19T08:00:00+00:00,2638.0867608168774,87539498311.90836,2657.8652181382795,2613.9420005426737,coingecko
ethereum,4h,2026-09-19T12:00:00+00:00,2638.1298955737952,78501932278.83168,2654.2446208528577,2624.408444853643,coingecko
ethereum,4h,2026-09-19T16:00:00+00:00,2636.9042440914195,58614984426.014496,2662.50835573523,2623.7197228709624,coingecko
ethereum,4h,2026-09-19T20:00:00+00:00,2629.914515862336,47368794438.02704,2647.5726967509004,2614.3315493311125,coingecko
ethereum,4h,2026-09-20T00:00:00+00:00,2571.1798722485055,42529657414.41061,2645.1696450172126,2558.323972887263,coingecko
ethereum,4h,2026-09-20T04:00:00+00:00,2573.560565606859,44835243123.16327,2599.552529823775,2560.692762778825,coingecko
ethereum,4h,2026-09-20T08:00:00+00:00,2570.5323244680894,42394299636.01073,2592.015021505654,2557.679662845749,coingecko
ethereum,4h,2026-09-20T12:00:00+00:00,2584.741323448303,39762605797.15902,2597.665030065544,2564.4800451355736,coingecko
ethereum,4h,2026-09-20T16:00:00+00:00,2626.210109429562,42934834836.01902,2652.2305656483045,2598.248126244569,coingecko
ethereum,4h,2026-09-20T20:00:00+00:00,2638.6870809448455,44362459410.73712,2651.8805163495695,2616.123000886156,coingecko
ethereum,4h,2026-09-21T00:00:00+00:00,2660.7845213183446,53855660658.890915,2702.7221655104568,2631.5112651196605,coingecko
ethereum,4h,2026-09-21T04:00:00+00:00,2662.303370409186,55380946770.27684,2677.9848471155974,2648.99185355714,coingecko
ethereum,4h,2026-09-21T08:00:00+00:00,2715.02307015691,68861305690.16351,2733.221209555111,2647.3658039627567,coingecko
ethereum,4h,2026-09-21T12:00:00+00:00,2735.963599745796,86773171112.71571,2749.6434177445244,2709.507308226109,coingecko
ethereum,4h,2026-09-21T16:00:00+00:00,2757.42053276744,98877871564.08104,2771.2076354312767,2728.7582012887706,coingecko
ethereum,4h,2026-09-21T20:00:00+00:00,2778.1857010664044,108540999578.03299,2796.246347044193,2749.0036721697174,coingecko
ethereum,4h,2026-09-22T00:00:00+00:00,2739.562637056042,103741211365.81876,2789.0445260845513,2725.864823870762,coingecko
ethereum,4h,2026-09-22T04:00:00+00:00,2729.910515960509,102612723887.66121,2752.6683792102435,2714.3654048027847,coingecko
ethereum,4h,2026-09-22T08:00:00+00:00,2742.077324620298,92827871544.5256,2763.239868579263,2711.720689172822,coingecko
ethereum,4h,2026-09-22T12:00:00+00:00,2741.5127162338504,80676190725.03421,2772.1005941699455,2727.4224708889687,coingecko
ethereum,4h,2026-09-22T16:00:00+00:00,2752.557460866757,71297092704.15404,2768.166546027527,2729.8908399159777,coingecko
ethereum,4h,2026-09-22T20:00:00+00:00,2753.1248202113484,66205087615.38493,2766.8904443124047,2733.86374205435,coingecko
ethereum,4h,2026-09-23T00:00:00+00:00,2761.533716790952,64528612018.00722,2775.3413853749066,2738.865947732014,coingecko
ethereum,4h,2026-09-23T04:00:00+00:00,2753.7315542517695,63897036069.04532,2793.542935924612,2739.9628964805106,coingecko
ethereum,4h,2026-09-23T08:00:00+00:00,2737.6669494825283,64371580453.20258,2756.355777198363,2719.7178517729562,coingecko
ethereum,4h,2026-09-23T12:00:00+00:00,2674.3165626719556,67622082452.077286,2742.129517056826,2660.9449798585956,coingecko
ethereum,4h,2026-09-23T16:00:00+00:00,2670.1813664354904,75969986001.4511,2683.5322732676677,2634.4568999687403,coingecko
ethereum,4h,2026-09-23T20:00:00+00:00,2689.5306019537184,74335910554.57428,2702.9782549634865,2657.494081191645,coingecko
ethereum,4h,2026-09-24T00:00:00+00:00,2685.5430139531063,70413310020.1636,2698.9707290228716,2661.069572788604,coingecko
ethereum,4h,2026-09-24T04:00:00+00:00,2685.2221268737367,67644491152.84537,2698.648237508105,2662.698563539585,coingecko
ethereum,4h,2026-09-24T08:00:00+00:00,2648.2515613409923,66924660735.59192,2706.5678388213846,2628.8531899929926,coingecko
ethereum,4h,2026-09-24T12:00:00+00:00,2654.54540774186,64060208035.62508,2681.4722135859247,2632.6611388281076,coingecko
ethereum,4h,2026-09-24T16:00:00+00:00,2690.0061181839355,56792467789.586006,2703.456148774855,2654.743239606612,coingecko
ethereum,4h,2026-09-24T20:00:00+00:00,2684.277838013781,58226472018.413284,2709.091927387294,2670.856448823712,coingecko
ethereum,4h,2026-09-25T00:00:00+00:00,2675.309483873428,58563686232.938705,2703.088762840408,2661.932936454061,coingecko
ethereum,4h,2026-09-25T04:00:00+00:00,2673.9881806531735,57849251492.96121,2693.0755590936246,2660.6182397499074,coingecko
ethereum,4h,2026-09-25T08:00:00+00:00,2713.591929280036,55973432601.17575,2727.1598889264355,2658.219892749833,coingecko
ethereum,4h,2026-09-25T12:00:00+00:00,2694.381545488662,61566856636.75954,2731.415773681277,2680.9096377612186,coingecko
ethereum,4h,2026-09-25T16:00:00+00:00,2693.301256049488,61947694755.89737,2706.7677623297354,2670.5690297864653,coingecko
ethereum,4h,2026-09-25T20:00:00+00:00,2691.997733735322,58500001905.21187,2707.0073526064957,2667.584720037385,coingecko
ethereum,4h,2026-09-26T00:00:00+00:00,2690.6627874647975,56428751114.79242,2705.7932340061666,2673.269366545072,coingecko
ethereum,4h,2026-09-26T04:00:00+00:00,2685.3006747910586,52982034014.77693,2702.6083828574992,2671.8741714171033,coingecko
ethereum,4h,2026-09-26T08:00:00+00:00,2686.8500911104256,48480624809.60725,2704.1305007880474,2668.321151112674,coingecko
ethereum,4h,2026-09-26T12:00:00+00:00,2688.3507089838035,36732221643.060715,2702.4279100923163,2672.52460901548,coingecko
ethereum,4h,2026-09-26T16:00:00+00:00,2684.596312891896,25448684849.5029,2705.669767461778,2671.1733313274367,coingecko
ethereum,4h,2026-09-26T20:00:00+00:00,2688.3570754209213,23097755573.61793,2701.7988607980255,2662.4646779115365,coingecko
ethereum,4h,2026-09-27T00:00:00+00:00,2697.227072409678,23730646082.241608,2714.6591602163817,2679.608128658788,coingecko
ethereum,4h,2026-09-27T04:00:00+00:00,2706.008901231358,24996088340.859818,2719.5389457375145,2678.0868604267753,coingecko
solana,1d,2026-01-21T00:00:00+00:00,126.10764632319889,,,,coingecko
solana,1d,2026-01-22T00:00:00+00:00,129.72621773671372,,,,coingecko
solana,1d,2026-01-23T00:00:00+00:00,128.50157375860476,,,,coingecko
solana,1d,2026-01-24T00:00:00+00:00,127.45408198467358,,,,coingecko
solana,1d,2026-01-25T00:00:00+00:00,127.3909695406124,,,,coingecko
solana,1d,2026-01-26T00:00:00+00:00,118.66203053729117,,,,coingecko
solana,1d,2026-01-27T00:00:00+00:00,124.18651087241786,,,,coingecko
solana,1d,2026-01-28T00:00:00+00:00,127.20506143377902,,,,coingecko
solana,1d,2026-01-29T00:00:00+00:00,125.36504185209182,,,,coingecko
solana,1d,2026-01-30T00:00:00+00:00,117.8829797223508,,,,coingecko
solana,1d,2026-01-31T00:00:00+00:00,117.47753461829744,,,,coingecko
solana,1d,2026-02-01T00:00:00+00:00,105.49281488444598,,,,coingecko
solana,1d,2026-02-02T00:00:00+00:00,100.881066130847,,,,coingecko
solana,1d,2026-02-03T00:00:00+00:00,104.39215459693564,,,,coingecko
solana,1d,2026-02-04T00:00:00+00:00,97.6309479602485,,,,coingecko
solana,1d,2026-02-05T00:00:00+00:00,92.0568681732404,,,,coingecko
solana,1d,2026-02-06T00:00:00+00:00,78.40434132437782,,,,coingecko
solana,1d,2026-02-07T00:00:00+00:00,86.97764557641793,,,,coingecko
solana,1d,2026-02-08T00:00:00+00:00,87.54346373381755,,,,coingecko
solana,1d,2026-02-09T00:00:00+00:00,87.2357989380757,,,,coingecko
solana,1d,2026-02-10T00:00:00+00:00,86.80274713927635,,,,coingecko
solana,1d,2026-02-11T00:00:00+00:00,82.97679507645698,,,,coingecko
solana,1d,2026-02-12T00:00:00+00:00,79.55930152154403,,,,coingecko
solana,1d,2026-02-13T00:00:00+00:00,78.62969332713851,,,,coingecko
solana,1d,2026-02-14T00:00:00+00:00,84.45790130055087,,,,coingecko
solana,1d,2026-02-15T00:00:00+00:00,88.16311329534221,,,,coingecko
solana,1d,2026-02-16T00:00:00+00:00,86.28536644166955,,,,coingecko
solana,1d,2026-02-17T00:00:00+00:00,86.5771448069784,,,,coingecko
solana,1d,2026-02-18T00:00:00+00:00,85.34355742185454,,,,coingecko
solana,1d,2026-02-19T00:00:00+00:00,81.75815785366494,,,,coingecko
solana,1d,2026-02-20T00:00:00+00:00,82.6525984959415,,,,coingecko
solana,1d,2026-02-21T00:00:00+00:00,84.79782002630832,,,,coingecko
solana,1d,2026-02-22T00:00:00+00:00,85.4563629671115,,,,coingecko
solana,1d,2026-02-23T00:00:00+00:00,78.74991176781678,,,,coingecko
solana,1d,2026-02-24T00:00:00+00:00,78.26986413795304,,,,coingecko
solana,1d,2026-02-25T00:00:00+00:00,79.15515746010666,,,,coingecko
solana,1d,2026-02-26T00:00:00+00:00,88.07924459617706,,,,coingecko
solana,1d,2026-02-27T00:00:00+00:00,86.07936596494483,,,,coingecko
solana,1d,2026-02-28T00:00:00+00:00,82.04418185445192,,,,coingecko
solana,1d,2026-03-01T00:00:00+00:00,84.67491088061367,,,,coingecko
solana,1d,2026-03-02T00:00:00+00:00,83.73986956786652,,,,coingecko
solana,1d,2026-03-03T00:00:00+00:00,86.75098086219938,,,,coingecko
solana,1d,2026-03-04T00:00:00+00:00,87.05158771027426,,,,coingecko
solana,1d,2026-03-05T00:00:00+00:00,91.07299801568064,,,,coingecko
solana,1d,2026-03-06T00:00:00+00:00,88.95101498981624,,,,coingecko
solana,1d,2026-03-07T00:00:00+00:00,84.7320068085851,,,,coingecko
solana,1d,2026-03-08T00:00:00+00:00,83.62301487964194,,,,coingecko
solana,1d,2026-03-09T00:00:00+00:00,81.88428957123448,,,,coingecko
solana,1d,2026-03-10T00:00:00+00:00,85.02093175468558,,,,coingecko
solana,1d,2026-03-11T00:00:00+00:00,85.89560657695257,,,,coingecko
solana,1d,2026-03-12T00:00:00+00:00,86.5581504342351,,,,coingecko
solana,1d,2026-03-13T00:00:00+00:00,86.91319465805584,,,,coingecko
solana,1d,2026-03-14T00:00:00+00:00,88.13547874972527,,,,coingecko
solana,1d,2026-03-15T00:00:00+00:00,88.22402192508966,,,,coingecko
solana,1d,2026-03-16T00:00:00+00:00,92.84245908141786,,,,coingecko
solana,1d,2026-03-17T00:00:00+00:00,95.89308559272592,,,,coingecko
solana,1d,2026-03-18T00:00:00+00:00,94.88825668690211,,,,coingecko
solana,1d,2026-03-19T00:00:00+00:00,90.115544198641,,,,coingecko
solana,1d,2026-03-20T00:00:00+00:00,89.13814377366043,,,,coingecko
solana,1d,2026-03-21T00:00:00+00:00,89.88102391501674,,,,coingecko
solana,1d,2026-03-22T00:00:00+00:00,86.94066815337234,,,,coingecko
solana,1d,2026-03-23T00:00:00+00:00,86.51000589698566,,,,coingecko
solana,1d,2026-03-24T00:00:00+00:00,91.61995872641151,,,,coingecko
solana,1d,2026-03-25T00:00:00+00:00,90.95642493892578,,,,coingecko
solana,1d,2026-03-26T00:00:00+00:00,91.79638934133811,,,,coingecko
solana,1d,2026-03-27T00:00:00+00:00,86.56000919831459,,,,coingecko
solana,1d,2026-03-28T00:00:00+00:00,83.00571325553047,,,,coingecko
solana,1d,2026-03-29T00:00:00+00:00,82.1077280474731,,,,coingecko
solana,1d,2026-03-30T00:00:00+00:00,81.38667344193283,,,,coingecko
solana,1d,2026-03-31T00:00:00+00:00,82.4461259589699,,,,coingecko
solana,1d,2026-04-01T00:00:00+00:00,83.03928802068708,,,,coingecko
solana,1d,2026-04-02T00:00:00+00:00,81.21202678364425,,,,coingecko
solana,1d,2026-04-03T00:00:00+00:00,79.04954676326335,,,,coingecko
solana,1d,2026-04-04T00:00:00+00:00,80.4339628863637,,,,coingecko
solana,1d,2026-04-05T00:00:00+00:00,80.90650747975322,,,,coingecko
solana,1d,2026-04-06T00:00:00+00:00,82.54140759499754,,,,coingecko
solana,1d,2026-04-07T00:00:00+00:00,80.14391345270856,,,,coingecko
solana,1d,2026-04-08T00:00:00+00:00,85.73782127486712,,,,coingecko
solana,1d,2026-04-09T00:00:00+00:00,82.52857912633098,,,,coingecko
solana,1d,2026-04-10T00:00:00+00:00,83.30191658280422,,,,coingecko
solana,1d,2026-04-11T00:00:00+00:00,84.80770646580707,,,,coingecko
solana,1d,2026-04-12T00:00:00+00:00,84.93208356676055,,,,coingecko
solana,1d,2026-04-13T00:00:00+00:00,81.48683233639147,,,,coingecko
solana,1d,2026-04-14T00:00:00+00:00,86.63567521441236,,,,coingecko
solana,1d,2026-04-15T00:00:00+00:00,83.81940155901538,,,,coingecko
solana,1d,2026-04-16T00:00:00+00:00,84.96031849144572,,,,coingecko
solana,1d,2026-04-17T00:00:00+00:00,89.09592877870321,,,,coingecko
solana,1d,2026-04-18T00:00:00+00:00,88.8299708972434,,,,coingecko
solana,1d,2026-04-19T00:00:00+00:00,86.16588217188954,,,,coingecko
solana,1d,2026-04-20T00:00:00+00:00,83.50924821523091,,,,coingecko
solana,1d,2026-04-21T00:00:00+00:00,85.29408341135965,,,,coingecko
solana,1d,2026-04-22T00:00:00+00:00,86.0424364200775,,,,coingecko
solana,1d,2026-04-23T00:00:00+00:00,86.93158314182028,,,,coingecko
solana,1d,2026-04-24T00:00:00+00:00,86.14014927124724,,,,coingecko
solana,1d,2026-04-25T00:00:00+00:00,86.2185542154086,,,,coingecko
solana,1d,2026-04-26T00:00:00+00:00,86.19672544782625,,,,coingecko
solana,1d,2026-04-27T00:00:00+00:00,86.93731595191888,,,,coingecko
solana,1d,2026-04-28T00:00:00+00:00,84.80959100944631,,,,coingecko
solana,1d,2026-04-29T00:00:00+00:00,84.04602358960982,,,,coingecko
solana,1d,2026-04-30T00:00:00+00:00,83.03560020545386,,,,coingecko
solana,1d,2026-05-01T00:00:00+00:00,83.03995075848528,,,,coingecko
solana,1d,2026-05-02T00:00:00+00:00,83.74516060974149,,,,coingecko
solana,1d,2026-05-03T00:00:00+00:00,84.2627584319434,,,,coingecko
solana,1d,2026-05-04T00:00:00+00:00,83.84166473387728,,,,coingecko
solana,1d,2026-05-05T00:00:00+00:00,84.08449536741543,,,,coingecko
solana,1d,2026-05-06T00:00:00+00:00,86.30486668344513,,,,coingecko
solana,1d,2026-05-07T00:00:00+00:00,89.16544229478262,,,,coingecko
solana,1d,2026-05-08T00:00:00+00:00,88.43226804224953,,,,coingecko
solana,1d,2026-05-09T00:00:00+00:00,92.0051901272934,,,,coingecko
solana,1d,2026-05-10T00:00:00+00:00,93.14241861919785,,,,coingecko
solana,1d,2026-05-11T00:00:00+00:00,96.4109436575395,,,,coingecko
solana,1d,2026-05-12T00:00:00+00:00,97.25241253260013,,,,coingecko
solana,1d,2026-05-13T00:00:00+00:00,94.28512370471019,,,,coingecko
solana,1d,2026-05-14T00:00:00+00:00,91.1181109418428,,,,coingecko
solana,1d,2026-05-15T00:00:00+00:00,92.1198653434353,,,,coingecko
solana,1d,2026-05-16T00:00:00+00:00,89.1991049638626,,,,coingecko
solana,1d,2026-05-17T00:00:00+00:00,86.51689163386662,,,,coingecko
solana,1d,2026-05-18T00:00:00+00:00,85.18280454864586,,,,coingecko
solana,1d,2026-05-19T00:00:00+00:00,85.31915788905131,,,,coingecko
solana,1d,2026-05-20T00:00:00+00:00,84.19081048342706,,,,coingecko
solana,1d,2026-05-21T00:00:00+00:00,86.05865859618997,,,,coingecko
solana,1d,2026-05-22T00:00:00+00:00,87.17389465455327,,,,coingecko
solana,1d,2026-05-23T00:00:00+00:00,84.31186681406471,,,,coingecko
solana,1d,2026-05-24T00:00:00+00:00,85.6707931191255,,,,coingecko
solana,1d,2026-05-25T00:00:00+00:00,85.22303380051963,,,,coingecko
solana,1d,2026-05-26T00:00:00+00:00,84.97682971506052,,,,coingecko
solana,1d,2026-05-27T00:00:00+00:00,83.66751400447032,,,,coingecko
solana,1d,2026-05-28T00:00:00+00:00,82.33204554881856,,,,coingecko
solana,1d,2026-05-29T00:00:00+00:00,82.0439463262634,,,,coingecko
solana,1d,2026-05-30T00:00:00+00:00,81.9770412126185,,,,coingecko
solana,1d,2026-05-31T00:00:00+00:00,82.68649732797877,,,,coingecko
solana,1d,2026-06-01T00:00:00+00:00,82.33762528669455,,,,coingecko
solana,1d,2026-06-02T00:00:00+00:00,81.16096271852808,,,,coingecko
solana,1d,2026-06-03T00:00:00+00:00,74.13901501343945,,,,coingecko
solana,1d,2026-06-04T00:00:00+00:00,71.5436851656655,,,,coingecko
solana,1d,2026-06-05T00:00:00+00:00,68.81086787182636,,,,coingecko
solana,1d,2026-06-06T00:00:00+00:00,63.63313109112329,,,,coingecko
solana,1d,2026-06-07T00:00:00+00:00,62.17918349826299,,,,coingecko
solana,1d,2026-06-08T00:00:00+00:00,66.42475751544987,,,,coingecko
solana,1d,2026-06-09T00:00:00+00:00,66.80256146212376,,,,coingecko
solana,1d,2026-06-10T00:00:00+00:00,64.9237603504689,,,,coingecko
solana,1d,2026-06-11T00:00:00+00:00,63.18212175433404,,,,coingecko
solana,1d,2026-06-12T00:00:00+00:00,66.81660398292856,,,,coingecko
solana,1d,2026-06-13T00:00:00+00:00,66.77674858898844,,,,coingecko
solana,1d,2026-06-14T00:00:00+00:00,68.87994920794057,,,,coingecko
solana,1d,2026-06-15T00:00:00+00:00,71.21816957667109,,,,coingecko
solana,1d,2026-06-16T00:00:00+00:00,73.9490661555558,,,,coingecko
solana,1d,2026-06-17T00:00:00+00:00,73.4631155495267,,,,coingecko
solana,1d,2026-06-18T00:00:00+00:00,71.98435089991071,,,,coingecko
solana,1d,2026-06-19T00:00:00+00:00,69.64875448394535,,,,coingecko
solana,1d,2026-06-20T00:00:00+00:00,69.67510636134296,,,,coingecko
solana,1d,2026-06-21T00:00:00+00:00,73.18000530963474,,,,coingecko
solana,1d,2026-06-22T00:00:00+00:00,72.42261496688492,,,,coingecko
solana,1d,2026-06-23T00:00:00+00:00,71.84825365060954,,,,coingecko
solana,1d,2026-06-24T00:00:00+00:00,69.6086375465547,,,,coingecko
solana,1d,2026-06-25T00:00:00+00:00,67.94878023470052,,,,coingecko
solana,1d,2026-06-26T00:00:00+00:00,67.63197484567073,,,,coingecko
solana,1d,2026-06-27T00:00:00+00:00,71.81424446301368,,,,coingecko
solana,1d,2026-06-28T00:00:00+00:00,70.40481823828176,,,,coingecko
solana,1d,2026-06-29T00:00:00+00:00,71.2724585453322,,,,coingecko
solana,1d,2026-06-30T00:00:00+00:00,75.01499688974292,,,,coingecko
solana,1d,2026-07-01T00:00:00+00:00,73.56481907476494,,,,coingecko
solana,1d,2026-07-02T00:00:00+00:00,77.36147682738353,,,,coingecko
solana,1d,2026-07-03T00:00:00+00:00,80.61965067731505,,,,coingecko
solana,1d,2026-07-04T00:00:00+00:00,82.29123076434712,,,,coingecko
solana,1d,2026-07-05T00:00:00+00:00,81.70349684813986,,,,coingecko
solana,1d,2026-07-06T00:00:00+00:00,81.51563065259701,,,,coingecko
solana,1d,2026-07-07T00:00:00+00:00,81.88843062284806,,,,coingecko
solana,1d,2026-07-08T00:00:00+00:00,80.58601402999597,,,,coingecko
solana,1d,2026-07-09T00:00:00+00:00,77.78886312209272,,,,coingecko
solana,1d,2026-07-10T00:00:00+00:00,77.99219264415099,,,,coingecko
solana,1d,2026-07-11T00:00:00+00:00,78.06878587097549,,,,coingecko
solana,1d,2026-07-12T00:00:00+00:00,76.71562325891836,,,,coingecko
solana,1d,2026-07-13T00:00:00+00:00,76.86985248774823,,,,coingecko
solana,1d,2026-07-14T00:00:00+00:00,74.93128320593416,,,,coingecko
solana,1d,2026-07-15T00:00:00+00:00,77.80864772344317,,,,coingecko
solana,1d,2026-07-16T00:00:00+00:00,77.23864761387213,,,,coingecko
solana,1d,2026-07-17T00:00:00+00:00,75.26924720120745,,,,coingecko
solana,1d,2026-07-18T00:00:00+00:00,75.00200273777084,,,,coingecko
solana,1d,2026-07-19T00:00:00+00:00,75.48105541148355,,,,coingecko
solana,1d,2026-07-20T00:00:00+00:00,76.311803624947,,,,coingecko
solana,1d,2026-07-21T00:00:00+00:00,77.74886056354681,,,,coingecko
solana,1d,2026-07-22T00:00:00+00:00,78.08824475788602,,,,coingecko
solana,1d,2026-07-23T00:00:00+00:00,77.93926390412061,,,,coingecko
solana,1d,2026-07-24T00:00:00+00:00,75.85134810030104,,,,coingecko
solana,1d,2026-07-25T00:00:00+00:00,73.90776692044658,,,,coingecko
solana,1d,2026-07-26T00:00:00+00:00,74.47711500496659,,,,coingecko
solana,1d,2026-07-27T00:00:00+00:00,76.69020217092319,,,,coingecko
solana,1d,2026-07-28T00:00:00+00:00,74.14305915534644,,,,coingecko
solana,1d,2026-07-29T00:00:00+00:00,73.77225682424617,,,,coingecko
solana,1d,2026-07-30T00:00:00+00:00,73.61124492942123,,,,coingecko
solana,1d,2026-07-31T00:00:00+00:00,74.46304923578987,,,,coingecko
solana,1d,2026-08-01T00:00:00+00:00,72.79498313468054,,,,coingecko
solana,1d,2026-08-02T00:00:00+00:00,71.89412540165443,,,,coingecko
solana,1d,2026-08-03T00:00:00+00:00,73.5466467652331,,,,coingecko
solana,1d,2026-08-04T00:00:00+00:00,73.48861779525183,,,,coingecko
solana,1d,2026-08-05T00:00:00+00:00,73.7132413282771,,,,coingecko
solana,1d,2026-08-06T00:00:00+00:00,73.98563070196333,,,,coingecko
solana,1d,2026-08-07T00:00:00+00:00,72.63053979307217,,,,coingecko
solana,1d,2026-08-08T00:00:00+00:00,73.61748637019244,,,,coingecko
solana,1d,2026-08-09T00:00:00+00:00,75.95980019087798,,,,coingecko
solana,1d,2026-08-10T00:00:00+00:00,76.2136945390063,,,,coingecko
solana,1d,2026-08-11T00:00:00+00:00,75.92477495236717,,,,coingecko
solana,1d,2026-08-12T00:00:00+00:00,76.21620473970299,,,,coingecko
solana,1d,2026-08-13T00:00:00+00:00,75.5587764536576,,,,coingecko
solana,1d,2026-08-14T00:00:00+00:00,76.20210719138348,,,,coingecko
solana,1d,2026-08-15T00:00:00+00:00,75.3354966028721,,,,coingecko
solana,1d,2026-08-16T00:00:00+00:00,75.27983398665542,,,,coingecko
solana,1d,2026-08-17T00:00:00+00:00,74.5477464048606,,,,coingecko
solana,1d,2026-08-18T00:00:00+00:00,75.9729945474511,,,,coingecko
solana,1d,2026-08-19T00:00:00+00:00,77.00190398395006,,,,coingecko
solana,1d,2026-08-20T00:00:00+00:00,85.33310287519124,,,,coingecko
solana,1d,2026-08-21T00:00:00+00:00,87.6519814449933,,,,coingecko
solana,1d,2026-08-22T00:00:00+00:00,93.69380351149786,,,,coingecko
solana,1d,2026-08-23T00:00:00+00:00,93.88470787526389,,,,coingecko
solana,1d,2026-08-24T00:00:00+00:00,95.4075653871385,,,,coingecko
solana,1d,2026-08-25T00:00:00+00:00,98.86721922605619,,,,coingecko
solana,1d,2026-08-26T00:00:00+00:00,96.57633057135781,,,,coingecko
solana,1d,2026-08-27T00:00:00+00:00,102.04890414405412,,,,coingecko
solana,1d,2026-08-28T00:00:00+00:00,109.17730597799657,,,,coingecko
solana,1d,2026-08-29T00:00:00+00:00,104.11408013203007,,,,coingecko
solana,1d,2026-08-30T00:00:00+00:00,105.5938871300456,,,,coingecko
solana,1d,2026-08-31T00:00:00+00:00,101.68286901296827,,,,coingecko
solana,1d,2026-09-01T00:00:00+00:00,103.01068194219994,,,,coingecko
solana,1d,2026-09-02T00:00:00+00:00,99.96528544069069,,,,coingecko
solana,1d,2026-09-03T00:00:00+00:00,100.39064957766638,,,,coingecko
solana,1d,2026-09-04T00:00:00+00:00,103.96051784332946,,,,coingecko
solana,1d,2026-09-05T00:00:00+00:00,101.92907583272797,,,,coingecko
solana,1d,2026-09-06T00:00:00+00:00,103.16637621681609,,,,coingecko
solana,1d,2026-09-07T00:00:00+00:00,106.49007263898544,,,,coingecko
solana,1d,2026-09-08T00:00:00+00:00,103.77243552193976,,,,coingecko
solana,1d,2026-09-09T00:00:00+00:00,103.36010446946287,,,,coingecko
solana,1d,2026-09-10T00:00:00+00:00,101.56828258356754,,,,coingecko
solana,1d,2026-09-11T00:00:00+00:00,98.63125822911633,,,,coingecko
solana,1d,2026-09-12T00:00:00+00:00,102.39440297526501,,,,coingecko
solana,1d,2026-09-13T00:00:00+00:00,101.75239313261922,,,,coingecko
solana,1d,2026-09-14T00:00:00+00:00,99.3260052236567,,,,coingecko
solana,1d,2026-09-15T00:00:00+00:00,102.51365308067487,,,,coingecko
solana,1d,2026-09-16T00:00:00+00:00,96.87348479401192,,,,coingecko
solana,1d,2026-09-17T00:00:00+00:00,98.5424205832789,,,,coingecko
solana,1d,2026-09-18T00:00:00+00:00,101.56908350057118,,,,coingecko
solana,1d,2026-09-19T00:00:00+00:00,112.70209381584154,,,,coingecko
solana,1d,2026-09-20T00:00:00+00:00,111.01530437008863,,,,coingecko
solana,1d,2026-09-21T00:00:00+00:00,111.15414771124425,,,,coingecko
solana,1d,2026-09-22T00:00:00+00:00,118.87215319676594,,,,coingecko
solana,1d,2026-09-23T00:00:00+00:00,118.50707502712261,,,,coingecko
solana,1d,2026-09-24T00:00:00+00:00,114.98536485451598,,,,coingecko
solana,1d,2026-09-25T00:00:00+00:00,117.00949011781655,,,,coingecko
solana,1d,2026-09-26T00:00:00+00:00,122.0809849549597,,,,coingecko
solana,4h,2026-08-28T08:00:00+00:00,106.17632363891326,11993248911.84769,106.70720525710782,105.41023131312916,coingecko
solana,4h,2026-08-28T12:00:00+00:00,106.36519731613608,24121005484.541405,106.89702330271675,104.35748280549235,coingecko
solana,4h,2026-08-28T16:00:00+00:00,103.03797763274079,25062410775.98583,105.86711534399446,102.52278774457709,coingecko
solana,4h,2026-08-28T20:00:00+00:00,104.10032287017755,24177303653.121624,104.62082448452843,102.84701778479092,coingecko
solana,4h,2026-08-29T00:00:00+00:00,103.93940722754527,22903148804.351837,104.68757804847704,103.38280681794669,coingecko
solana,4h,2026-08-29T04:00:00+00:00,103.58816053906986,21394103297.674995,104.5179949491649,103.07021973637451,coingecko
solana,4h,2026-08-29T08:00:00+00:00,103.44863013030762,20306913402.364025,104.24456652201815,102.81414961972528,coingecko
solana,4h,2026-08-29T12:00:00+00:00,105.36209114081686,17610826487.27171,105.88890159652094,102.98778786808464,coingecko
solana,4h,2026-08-29T16:00:00+00:00,105.1225675265986,12023176456.712276,105.64818036423158,104.31159107396653,coingecko
solana,4h,2026-08-29T20:00:00+00:00,105.50356724476181,9778806934.624207,106.0310850809856,104.51674083218343,coingecko
solana,4h,2026-08-30T00:00:00+00:00,105.22772479807855,8983328988.295319,106.12185656569582,104.70158617408816,coingecko
solana,4h,2026-08-30T04:00:00+00:00,105.37410916102556,8433542561.24036,105.90097970683067,104.52033687922051,coingecko
solana,4h,2026-08-30T08:00:00+00:00,105.102237633942,8242914048.68886,105.6277488221117,104.07628108280247,coingecko
solana,4h,2026-08-30T12:00:00+00:00,106.74307441661682,8941234240.03572,107.65729819076648,104.5452771505726,coingecko
solana,4h,2026-08-30T16:00:00+00:00,106.68468054805312,9391336579.801765,107.36109589995992,105.71579434123406,coingecko
solana,4h,2026-08-30T20:00:00+00:00,103.76496263977029,10146548834.086605,106.31888846530073,103.24613782657144,coingecko
solana,4h,2026-08-31T00:00:00+00:00,101.41725681918022,12202843955.093674,102.61789973892799,100.91017053508432,coingecko
solana,4h,2026-08-31T04:00:00+00:00,102.70900702736144,13258612272.589203,103.22255206249824,100.92882814678093,coingecko
solana,4h,2026-08-31T08:00:00+00:00,103.62181033048607,14747118974.317013,104.13991938213849,102.4191160209068,coingecko
solana,4h,2026-08-31T12:00:00+00:00,103.49513425859638,15108851020.487886,104.01260992988935,101.84437902276936,coingecko
solana,4h,2026-08-31T16:00:00+00:00,104.48330329814287,15071477267.548033,105.00571981463358,102.29524311026135,coingecko
solana,4h,2026-08-31T20:00:00+00:00,103.16052301659344,14729416470.152521,104.24001164076965,102.64472040151048,coingecko
solana,4h,2026-09-01T00:00:00+00:00,103.34962324471365,12656513298.07946,103.86637136093721,102.49562853248894,coingecko
solana,4h,2026-09-01T04:00:00+00:00,103.34732918685513,12011762117.671255,104.77719236451327,102.83059254092086,coingecko
solana,4h,2026-09-01T08:00:00+00:00,102.35225804845625,11902000950.557186,103.63345008535043,101.44829955103097,coingecko
solana,4h,2026-09-01T12:00:00+00:00,101.96997635564296,12030719139.379015,102.74851972425888,101.38474836977693,coingecko
solana,4h,2026-09-01T16:00:00+00:00,99.52774446275785,12213281903.272831,102.52244254157291,99.03010574044406,coingecko
solana,4h,2026-09-01T20:00:00+00:00,99.61056942323262,13302079951.516932,100.53874750369982,99.0504054660293,coingecko
solana,4h,2026-09-02T00:00:00+00:00,99.86289646185703,13832769638.802351,100.46511186789414,98.5648011573484,coingecko
solana,4h,2026-09-02T04:00:00+00:00,100.02618309958304,14307156909.93551,100.74295702126808,99.52605218408512,coingecko
solana,4h,2026-09-02T08:00:00+00:00,98.162451460742,13445237899.878544,100.3140619538219,97.67163920343829,coingecko
solana,4h,2026-09-02T12:00:00+00:00,98.87676234392814,13544690208.042542,99.60919402917011,97.1651377626114,coingecko
solana,4h,2026-09-02T16:00:00+00:00,99.44626118627447,13116192417.962584,99.94349249220583,98.3065430540345,coingecko
solana,4h,2026-09-02T20:00:00+00:00,99.51751380632804,11824677077.509256,100.18423998154988,98.8703872498925,coingecko
solana,4h,2026-09-03T00:00:00+00:00,101.02876663249793,11630928852.973507,101.53391046566041,99.01158457491702,coingecko
solana,4h,2026-09-03T04:00:00+00:00,100.83662795120031,12353670509.908188,101.37667235724123,99.99671351745964,coingecko
solana,4h,2026-09-03T08:00:00+00:00,100.3837523593158,12634031269.285784,101.09646263725439,99.63118669427615,coingecko
solana,4h,2026-09-03T12:00:00+00:00,104.95492211946679,12952472277.139599,105.4796967300641,100.2754800694957,coingecko
solana,4h,2026-09-03T16:00:00+00:00,105.19787987327693,15713681756.13734,105.7238692726433,104.02530383811524,coingecko
solana,4h,2026-09-03T20:00:00+00:00,104.16304958363354,16409234865.826279,105.73203648515558,103.64223433571537,coingecko
solana,4h,2026-09-04T00:00:00+00:00,103.73687445744767,16828273979.296095,104.4803204325461,103.022236043191,coingecko
solana,4h,2026-09-04T04:00:00+00:00,103.59156486744321,16251567614.640093,104.38684052043168,103.073607043106,coingecko
solana,4h,2026-09-04T08:00:00+00:00,104.09750745814806,16598976605.273266,104.85966657025456,103.05615026192412,coingecko
solana,4h,2026-09-04T12:00:00+00:00,100.79973016737745,17534001183.844692,104.61174556209588,100.29573151654056,coingecko
solana,4h,2026-09-04T16:00:00+00:00,101.65916422226195,15485451685.959032,102.35448667568895,100.74891534248815,coingecko
solana,4h,2026-09-04T20:00:00+00:00,101.74803416637016,14436983693.23348,102.2834091946011,101.09083399650763,coingecko
solana,4h,2026-09-05T00:00:00+00:00,101.97729384401767,13050155745.280575,102.48718031323774,101.3529771987226,coingecko
solana,4h,2026-09-05T04:00:00+00:00,102.29943105348016,12605417241.979126,102.81092820874755,101.26806398989018,coingecko
solana,4h,2026-09-05T08:00:00+00:00,102.53254064027129,11603080912.07669,103.0864240846265,101.71486901718465,coingecko
solana,4h,2026-09-05T12:00:00+00:00,102.87831978424647,9644268170.360651,103.76735578027142,101.83837846775073,coingecko
solana,4h,2026-09-05T16:00:00+00:00,103.88023834924128,8909130984.991608,104.77268229550661,102.42442447339967,coingecko
solana,4h,2026-09-05T20:00:00+00:00,103.37788147888855,9379625512.602444,104.24540911730612,102.72905298400397,coingecko
solana,4h,2026-09-06T00:00:00+00:00,104.38410678917742,9889677388.478369,104.9060273231233,102.65054433573201,coingecko
solana,4h,2026-09-06T04:00:00+00:00,105.37092203923456,12093422564.694412,106.89565338315076,104.84406742903839,coingecko
solana,4h,2026-09-06T08:00:00+00:00,106.61021226303687,13668596509.750135,107.14326332435205,104.67221246068945,coingecko
solana,4h,2026-09-06T12:00:00+00:00,105.6660109007254,15267768905.932608,107.61428971619537,105.13768084622177,coingecko
solana,4h,2026-09-06T16:00:00+00:00,105.98261892858815,15199379460.462793,106.71802743020486,105.23029387433941,coingecko
solana,4h,2026-09-06T20:00:00+00:00,105.8471521706802,14822305099.992006,106.4513048029741,104.94161683162415,coingecko
solana,4h,2026-09-07T00:00:00+00:00,105.73137723755774,15759685190.420406,107.02252300218035,104.78551270581634,coingecko
solana,4h,2026-09-07T04:00:00+00:00,105.06872238766157,15084219409.7975,105.63250151833367,104.41134824063782,coingecko
solana,4h,2026-09-07T08:00:00+00:00,104.99833858227602,14725745965.3595,105.52333027518739,103.92087385836368,coingecko
solana,4h,2026-09-07T12:00:00+00:00,104.64863900847999,13600420155.740292,106.24121148568207,104.12539581343759,coingecko
solana,4h,2026-09-07T16:00:00+00:00,103.90436971019955,13200704453.871391,104.53454677499668,102.71067104551385,coingecko
solana,4h,2026-09-07T20:00:00+00:00,103.50781398651344,13026404383.971075,104.85048305638065,102.99027491658087,coingecko
solana,4h,2026-09-08T00:00:00+00:00,103.27683031077787,12398263821.912397,104.87854214929033,102.76044615922397,coingecko
solana,4h,2026-09-08T04:00:00+00:00,102.66622829417346,11965086384.828037,103.82242056746145,102.1528971527026,coingecko
solana,4h,2026-09-08T08:00:00+00:00,103.37084491685553,11651091785.889032,104.14164729865966,102.32673613493951,coingecko
solana,4h,2026-09-08T12:00:00+00:00,103.2967409860423,11941413168.904926,103.81322469097249,102.15642157316786,coingecko
solana,4h,2026-09-08T16:00:00+00:00,103.40118576821958,11859080355.902836,104.7230164601508,102.88417983937848,coingecko
solana,4h,2026-09-08T20:00:00+00:00,103.39518469268721,12283534463.609844,103.91216061615063,102.46947657459516,coingecko
solana,4h,2026-09-09T00:00:00+00:00,103.48516536286841,12056115777.472672,104.28989088939854,102.84330394711556,coingecko
solana,4h,2026-09-09T04:00:00+00:00,104.5114237130443,11606485948.923574,105.03398083160951,102.78872883424351,coingecko
solana,4h,2026-09-09T08:00:00+00:00,103.77873642599572,11273523141.96404,105.2917878196225,102.9732966062373,coingecko
solana,4h,2026-09-09T12:00:00+00:00,103.47198870721687,11399900369.512741,105.1723525147444,102.95462876368079,coingecko
solana,4h,2026-09-09T16:00:00+00:00,103.25656695982573,11797757792.279598,104.04454432676138,102.54399988103425,coingecko
solana,4h,2026-09-09T20:00:00+00:00,100.7742835871541,11982135986.104946,103.06723499342878,100.27041216921833,coingecko
solana,4h,2026-09-10T00:00:00+00:00,101.85084083114677,12956933281.789082,102.36009503530249,100.48441445279994,coingecko
solana,4h,2026-09-10T04:00:00+00:00,101.90203961602093,13082716993.91134,102.57039769390518,101.28241712739133,coingecko
solana,4h,2026-09-10T08:00:00+00:00,101.02268438466263,12873736622.42426,101.7723972938464,100.51757096273931,coingecko
solana,4h,2026-09-10T12:00:00+00:00,100.13725623136276,13336038571.80568,101.49099328471418,98.45396515115704,coingecko
solana,4h,2026-09-10T16:00:00+00:00,99.85536083816571,13379529443.38205,100.44932168127929,99.11873945341607,coingecko
solana,4h,2026-09-10T20:00:00+00:00,99.24881586270737,12469225724.518969,100.53572904265677,98.75257178339383,coingecko
solana,4h,2026-09-11T00:00:00+00:00,99.31388104731234,11884456216.722042,99.90660782941401,98.13810193797075,coingecko
solana,4h,2026-09-11T04:00:00+00:00,99.77266009327919,12123941384.801466,100.35202910858673,98.80593212782568,coingecko
solana,4h,2026-09-11T08:00:00+00:00,99.16544197660501,12115766528.21375,100.3914652185268,98.66961476672198,coingecko
solana,4h,2026-09-11T12:00:00+00:00,103.25607200569691,13766404749.330175,105.30025277860395,98.93662659294456,coingecko
solana,4h,2026-09-11T16:00:00+00:00,101.03871700527421,16721526039.6651,102.86584055023177,100.53352342024783,coingecko
solana,4h,2026-09-11T20:00:00+00:00,101.8284460199056,18172361130.918694,102.99652407819397,101.31930378980607,coingecko
solana,4h,2026-09-12T00:00:00+00:00,101.81296560071743,18324031515.292774,102.90637499014133,101.30390077271385,coingecko
solana,4h,2026-09-12T04:00:00+00:00,101.67385870952333,18082780664.867615,102.18222800307093,101.08498015878989,coingecko
solana,4h,2026-09-12T08:00:00+00:00,102.1192430534404,17921061724.236057,102.62983926870758,101.13251653774225,coingecko
solana,4h,2026-09-12T12:00:00+00:00,101.98341994970934,14733986679.051561,102.61909432769748,101.44198621632283,coingecko
solana,4h,2026-09-12T16:00:00+00:00,101.61917747980725,10038054685.69664,102.55967813963736,101.11108159240821,coingecko
solana,4h,2026-09-12T20:00:00+00:00,101.66536996152485,8156646136.8113165,102.17369681133246,100.75486164782663,coingecko
solana,4h,2026-09-13T00:00:00+00:00,101.88475557837398,7322899227.897743,102.78296649164692,101.20547745425782,coingecko
solana,4h,2026-09-13T04:00:00+00:00,101.19916786335772,7093710205.092625,102.29963789682219,100.69317202404092,coingecko
solana,4h,2026-09-13T08:00:00+00:00,99.52554047763307,7415433899.590429,101.19112060421462,99.0279127752449,coingecko
solana,4h,2026-09-13T12:00:00+00:00,100.65323406061822,7372392405.51918,101.1565002309213,99.16419039230476,coingecko
solana,4h,2026-09-13T16:00:00+00:00,101.16832016598154,7523069507.031075,101.67416176681144,99.72320263804981,coingecko
solana,4h,2026-09-13T20:00:00+00:00,99.7004591692876,7727946101.064605,101.96078521688543,99.20195687344116,coingecko
solana,4h,2026-09-14T00:00:00+00:00,100.95639670759415,8649330459.445454,101.46117869113212,98.82937519753841,coingecko
solana,4h,2026-09-14T04:00:00+00:00,101.49822042899251,9233742845.289995,102.00571153113746,100.43419706893924,coingecko
solana,4h,2026-09-14T08:00:00+00:00,101.74551556826883,9388884345.956484,102.4304431958492,100.94391654258142,coingecko
solana,4h,2026-09-14T12:00:00+00:00,101.57847598938638,10058131993.707972,102.0863683693333,100.81319812224885,coingecko
solana,4h,2026-09-14T16:00:00+00:00,103.59959607278365,11760826967.435257,104.11759405314756,101.43521124586215,coingecko
solana,4h,2026-09-14T20:00:00+00:00,102.84913478226446,13681954461.395603,104.50482423633852,102.33488910835314,coingecko
solana,4h,2026-09-15T00:00:00+00:00,101.9571970885572,13504516773.18245,103.02622134607823,101.4474111031144,coingecko
solana,4h,2026-09-15T04:00:00+00:00,100.86739070700374,13229073355.824392,102.00549983786614,100.36305375346872,coingecko
solana,4h,2026-09-15T08:00:00+00:00,100.93473004242068,13168361843.962261,101.43940369263278,99.9049179328266,coingecko
solana,4h,2026-09-15T12:00:00+00:00,98.83909203081174,13294701969.57957,101.471896617771,98.34489657065768,coingecko
solana,4h,2026-09-15T16:00:00+00:00,98.13583098279695,14094656277.174913,100.66400434890545,97.64515182788296,coingecko
solana,4h,2026-09-15T20:00:00+00:00,97.10556722116783,15366966867.779392,98.33798640928241,96.01120740265311,coingecko
solana,4h,2026-09-16T00:00:00+00:00,97.17374369328252,15553643198.033367,97.65961241174892,95.9464284702107,coingecko
solana,4h,2026-09-16T04:00:00+00:00,97.29087991152302,15789982934.828323,97.77733431108062,96.68082420544246,coingecko
solana,4h,2026-09-16T08:00:00+00:00,97.17476221478529,15602726792.451267,97.72277510494717,96.39728685831352,coingecko
solana,4h,2026-09-16T12:00:00+00:00,96.94206906298625,15359641904.1339,98.43700457539579,96.45735871767131,coingecko
solana,4h,2026-09-16T16:00:00+00:00,98.1007856327269,14238173651.117096,98.59128956089052,96.53677487839559,coingecko
solana,4h,2026-09-16T20:00:00+00:00,97.42636424761605,13656963306.197363,99.11830957489826,96.93923242637797,coingecko
solana,4h,2026-09-17T00:00:00+00:00,99.31037666439416,13611939047.437904,99.80692854771611,98.0497084803625,coingecko
solana,4h,2026-09-17T04:00:00+00:00,99.66274997318327,13724336678.50816,100.37208520639143,98.96492551994574,coingecko
solana,4h,2026-09-17T08:00:00+00:00,99.7430137196254,14000211244.782143,100.73153675081717,99.24429865102726,coingecko
solana,4h,2026-09-17T12:00:00+00:00,101.02925776715004,14741600417.442375,101.53440405598579,99.50362804320595,coingecko
solana,4h,2026-09-17T16:00:00+00:00,100.77462278695083,15199324272.751204,101.95539146534591,100.27074967301607,coingecko
solana,4h,2026-09-17T20:00:00+00:00,101.32594726417541,13017736446.407604,101.83257700049627,100.3445627891749,coingecko
solana,4h,2026-09-18T00:00:00+00:00,102.66648054201798,13004802100.464024,103.17981294472806,100.81350887587347,coingecko
solana,4h,2026-09-18T04:00:00+00:00,105.44895708054963,15739685982.404526,106.20948692921202,104.05917073304683,coingecko
solana,4h,2026-09-18T08:00:00+00:00,106.18616542104472,17226824077.955315,106.8662944185071,105.20818791144217,coingecko
solana,4h,2026-09-18T12:00:00+00:00,110.66354250094744,18721484591.590744,111.21686021345216,105.10064566782496,coingecko
solana,4h,2026-09-18T16:00:00+00:00,112.17514193699186,23686795537.46376,112.97658998770086,110.67948793052416,coingecko
solana,4h,2026-09-18T20:00:00+00:00,113.15989045738111,26268695474.913357,114.59096594042445,112.5940910050942,coingecko
solana,4h,2026-09-19T00:00:00+00:00,113.54750353945788,26515905347.516315,114.15720029014055,112.13858334676233,coingecko
solana,4h,2026-09-19T04:00:00+00:00,111.81039434735186,24187274649.415672,113.79908945446041,111.2513423756151,coingecko
solana,4h,2026-09-19T08:00:00+00:00,111.64301412150712,22288065986.200203,112.7951240484576,111.04364059306546,coingecko
solana,4h,2026-09-19T12:00:00+00:00,111.78650526255241,19934797656.205948,112.41158142897825,111.04891900175532,coingecko
solana,4h,2026-09-19T16:00:00+00:00,111.07298273849356,14537605637.116978,112.49300964703879,110.51761782480109,coingecko
solana,4h,2026-09-19T20:00:00+00:00,110.62214885911709,12578580872.200354,111.70118955146846,109.99522009590295,coingecko
solana,4h,2026-09-20T00:00:00+00:00,107.5292954654703,11664523307.647036,111.57038089193907,106.99164898814294,coingecko
solana,4h,2026-09-20T04:00:00+00:00,108.41275529132916,12037392746.561378,109.52314650563082,107.87069151487252,coingecko
solana,4h,2026-09-20T08:00:00+00:00,108.00790727973725,11780596206.98396,108.98240345889324,107.46786774333857,coingecko
solana,4h,2026-09-20T12:00:00+00:00,108.1163871918055,11465339424.823914,108.97788171360132,107.57580525584648,coingecko
solana,4h,2026-09-20T16:00:00+00:00,109.40424471296828,12039285641.352821,110.77749146029157,108.16395824820879,coingecko
solana,4h,2026-09-20T20:00:00+00:00,110.95557730712709,12459537380.849688,111.5103551936627,109.28979458775122,coingecko
solana,4h,2026-09-21T00:00:00+00:00,111.188950577695,13698328675.503231,112.85533891525384,110.42619018659256,coingecko
solana,4h,2026-09-21T04:00:00+00:00,112.13598234361945,13592220888.798374,112.69666225533753,110.89176419432214,coingecko
solana,4h,2026-09-21T08:00:00+00:00,115.90112862733584,17098507641.959229,116.4806342704725,111.52225925986298,coingecko
solana,4h,2026-09-21T12:00:00+00:00,117.99875135744801,21926857283.629635,118.77921064691121,116.13284375780712,coingecko
solana,4h,2026-09-21T16:00:00+00:00,117.71377733352806,25487358375.896805,118.5816348315495,116.54849443433879,coingecko
solana,4h,2026-09-21T20:00:00+00:00,119.40444245557165,26888145710.29194,120.0014646678495,117.71573761910557,coingecko
solana,4h,2026-09-22T00:00:00+00:00,116.84027493120749,26506092876.348866,119.46651396274976,116.25607355655146,coingecko
solana,4h,2026-09-22T04:00:00+00:00,116.53345636309979,27244051771.64498,117.45979645431,115.76055258939452,coingecko
solana,4h,2026-09-22T08:00:00+00:00,116.8206007910909,25609373109.102303,118.07510155971293,115.67714230493047,coingecko
solana,4h,2026-09-22T12:00:00+00:00,116.84636823843546,22405965315.572258,118.47584690629023,116.26213639724328,coingecko
solana,4h,2026-09-22T16:00:00+00:00,118.1394788200627,19666378240.48538,118.73017621416301,116.77983678931984,coingecko
solana,4h,2026-09-22T20:00:00+00:00,118.47745136895881,19064390099.211647,119.0698386258036,117.36774493375458,coingecko
solana,4h,2026-09-23T00:00:00+00:00,118.44089406091426,18193547356.083633,119.40146545375735,117.66855223930129,coingecko
solana,4h,2026-09-23T04:00:00+00:00,118.89200789736284,17199913894.918983,120.1086330343546,117.8072189201338,coingecko
solana,4h,2026-09-23T08:00:00+00:00,117.57874614702808,17366838105.467873,118.50788022727356,116.78650793553555,coingecko
solana,4h,2026-09-23T12:00:00+00:00,115.06244318580839,18485192124.069313,117.69796412784062,114.48713096987935,coingecko
solana,4h,2026-09-23T16:00:00+00:00,114.38318057570895,20768695216.657803,115.07982809644541,113.0359956604442,coingecko
solana,4h,2026-09-23T20:00:00+00:00,115.09859487716041,20659748341.469093,115.6740878515462,113.43988458650061,coingecko
solana,4h,2026-09-24T00:00:00+00:00,115.2596524077465,20531948148.66392,115.83595066978522,114.12499943935381,coingecko
solana,4h,2026-09-24T04:00:00+00:00,114.82354750630257,20047747252.246933,115.96038497155058,114.07975630389782,coingecko
solana,4h,2026-09-24T08:00:00+00:00,113.38673436104929,19219287685.84252,116.0806087721301,112.53647743052656,coingecko
solana,4h,2026-09-24T12:00:00+00:00,114.46825401133677,18509799070.180042,115.4325299189816,112.69413866786189,coingecko
solana,4h,2026-09-24T16:00:00+00:00,117.34863145324104,16906074151.977592,117.93537461050724,115.68539556948201,coingecko
solana,4h,2026-09-24T20:00:00+00:00,116.55383196749293,17083314271.891771,117.83264516054996,115.97106280765546,coingecko
solana,4h,2026-09-25T00:00:00+00:00,116.84906445346081,17357393985.370407,118.0179642833922,116.2648191311935,coingecko
solana,4h,2026-09-25T04:00:00+00:00,116.23782162588272,17272557698.145035,117.4183329910715,115.65663251775331,coingecko
solana,4h,2026-09-25T08:00:00+00:00,119.1535931257696,17838002176.98663,119.74936109139844,115.78494398489461,coingecko
solana,4h,2026-09-25T12:00:00+00:00,120.29389535590978,22567431058.05246,121.45335991876776,118.94440616185,coingecko
solana,4h,2026-09-25T16:00:00+00:00,121.93594311278,24486993180.924377,122.54562282834388,119.48344225052055,coingecko
solana,4h,2026-09-25T20:00:00+00:00,122.20917993600379,25511358117.619812,122.8202258356838,120.35908746756512,coingecko
solana,4h,2026-09-26T00:00:00+00:00,121.57644314635347,25550446514.88942,122.69138987973449,120.90777922730051,coingecko
solana,4h,2026-09-26T04:00:00+00:00,120.21623281821638,24572680592.204475,121.26078064038185,119.6151516541253,coingecko
solana,4h,2026-09-26T08:00:00+00:00,120.59349016000488,23591297343.752445,121.34248314642697,119.34101791841948,coingecko
solana,4h,2026-09-26T12:00:00+00:00,120.91917092751956,18681860196.39841,121.87655644835108,120.1274573963162,coingecko
solana,4h,2026-09-26T16:00:00+00:00,121.03456981319789,14239758597.392712,122.47062579850582,120.4293969641319,coingecko
solana,4h,2026-09-26T20:00:00+00:00,121.12236565074652,12115610876.309593,121.89365936830008,119.71762715832513,coingecko
solana,4h,2026-09-27T00:00:00+00:00,121.10493624806237,11582950136.669157,122.0118391260916,120.19468767459907,coingecko
solana,4h,2026-09-27T04:00:00+00:00,121.29462201651373,11256560240.182692,121.90109512659629,119.52299625391284,coingecko
ripple,1d,2026-01-21T00:00:00+00:00,1.897534540776928,,,,coingecko
ripple,1d,2026-01-22T00:00:00+00:00,1.9552925197479913,,,,coingecko
ripple,1d,2026-01-23T00:00:00+00:00,1.937447931368259,,,,coingecko
ripple,1d,2026-01-24T00:00:00+00:00,1.9285098497451156,,,,coingecko
ripple,1d,2026-01-25T00:00:00+00:00,1.9501554599051494,,,,coingecko
ripple,1d,2026-01-26T00:00:00+00:00,1.8428444453335122,,,,coingecko
ripple,1d,2026-01-27T00:00:00+00:00,1.9099355322017293,,,,coingecko
ripple,1d,2026-01-28T00:00:00+00:00,1.9256377575635069,,,,coingecko
ripple,1d,2026-01-29T00:00:00+00:00,1.9246498423708593,,,,coingecko
ripple,1d,2026-01-30T00:00:00+00:00,1.8158998046157082,,,,coingecko
ripple,1d,2026-01-31T00:00:00+00:00,1.7422956924566955,,,,coingecko
ripple,1d,2026-02-01T00:00:00+00:00,1.6552424823604273,,,,coingecko
ripple,1d,2026-02-02T00:00:00+00:00,1.5996883634199979,,,,coingecko
ripple,1d,2026-02-03T00:00:00+00:00,1.6256767356731507,,,,coingecko
ripple,1d,2026-02-04T00:00:00+00:00,1.5829643682651893,,,,coingecko
ripple,1d,2026-02-05T00:00:00+00:00,1.517858947387863,,,,coingecko
ripple,1d,2026-02-06T00:00:00+00:00,1.2133346953655288,,,,coingecko
ripple,1d,2026-02-07T00:00:00+00:00,1.461711815305451,,,,coingecko
ripple,1d,2026-02-08T00:00:00+00:00,1.4284174751103542,,,,coingecko
ripple,1d,2026-02-09T00:00:00+00:00,1.4411870773919397,,,,coingecko
ripple,1d,2026-02-10T00:00:00+00:00,1.441585913219291,,,,coingecko
ripple,1d,2026-02-11T00:00:00+00:00,1.4055705614431524,,,,coingecko
ripple,1d,2026-02-12T00:00:00+00:00,1.3841745099158949,,,,coingecko
ripple,1d,2026-02-13T00:00:00+00:00,1.3768617985796396,,,,coingecko
ripple,1d,2026-02-14T00:00:00+00:00,1.417330931274759,,,,coingecko
ripple,1d,2026-02-15T00:00:00+00:00,1.5206965881596475,,,,coingecko
ripple,1d,2026-02-16T00:00:00+00:00,1.4930275577193792,,,,coingecko
ripple,1d,2026-02-17T00:00:00+00:00,1.4990382978991095,,,,coingecko
ripple,1d,2026-02-18T00:00:00+00:00,1.4884442449776467,,,,coingecko
ripple,1d,2026-02-19T00:00:00+00:00,1.441114568480857,,,,coingecko
ripple,1d,2026-02-20T00:00:00+00:00,1.4225004956108944,,,,coingecko
ripple,1d,2026-02-21T00:00:00+00:00,1.4382554246370942,,,,coingecko
ripple,1d,2026-02-22T00:00:00+00:00,1.450119642581838,,,,coingecko
ripple,1d,2026-02-23T00:00:00+00:00,1.3640075553007247,,,,coingecko
ripple,1d,2026-02-24T00:00:00+00:00,1.3662311865472427,,,,coingecko
ripple,1d,2026-02-25T00:00:00+00:00,1.3582480421774696,,,,coingecko
ripple,1d,2026-02-26T00:00:00+00:00,1.437975675373357,,,,coingecko
ripple,1d,2026-02-27T00:00:00+00:00,1.4126241932906416,,,,coingecko
ripple,1d,2026-02-28T00:00:00+00:00,1.3657781847122676,,,,coingecko
ripple,1d,2026-03-01T00:00:00+00:00,1.388047054085294,,,,coingecko
ripple,1d,2026-03-02T00:00:00+00:00,1.362270057547874,,,,coingecko
ripple,1d,2026-03-03T00:00:00+00:00,1.3987662416144493,,,,coingecko
ripple,1d,2026-03-04T00:00:00+00:00,1.3735872886650777,,,,coingecko
ripple,1d,2026-03-05T00:00:00+00:00,1.435767494550255,,,,coingecko
ripple,1d,2026-03-06T00:00:00+00:00,1.4095526706873105,,,,coingecko
ripple,1d,2026-03-07T00:00:00+00:00,1.37141424019512,,,,coingecko
ripple,1d,2026-03-08T00:00:00+00:00,1.396332311347475,,,,coingecko
ripple,1d,2026-03-09T00:00:00+00:00,1.35490752108217,,,,coingecko
ripple,1d,2026-03-10T00:00:00+00:00,1.3718876229253802,,,,coingecko
ripple,1d,2026-03-11T00:00:00+00:00,1.3919277981529767,,,,coingecko
ripple,1d,2026-03-12T00:00:00+00:00,1.3847478524585772,,,,coingecko
ripple,1d,2026-03-13T00:00:00+00:00,1.3988862713864045,,,,coingecko
ripple,1d,2026-03-14T00:00:00+00:00,1.3987968885148327,,,,coingecko
ripple,1d,2026-03-15T00:00:00+00:00,1.425291428571713,,,,coingecko
ripple,1d,2026-03-16T00:00:00+00:00,1.4582581325650392,,,,coingecko
ripple,1d,2026-03-17T00:00:00+00:00,1.5394605590302872,,,,coingecko
ripple,1d,2026-03-18T00:00:00+00:00,1.5225501906361782,,,,coingecko
ripple,1d,2026-03-19T00:00:00+00:00,1.4662524918487003,,,,coingecko
ripple,1d,2026-03-20T00:00:00+00:00,1.4557086485948132,,,,coingecko
ripple,1d,2026-03-21T00:00:00+00:00,1.4438593513850513,,,,coingecko
ripple,1d,2026-03-22T00:00:00+00:00,1.4130020572493553,,,,coingecko
ripple,1d,2026-03-23T00:00:00+00:00,1.399010071779641,,,,coingecko
ripple,1d,2026-03-24T00:00:00+00:00,1.4376099340574098,,,,coingecko
ripple,1d,2026-03-25T00:00:00+00:00,1.4233299309185359,,,,coingecko
ripple,1d,2026-03-26T00:00:00+00:00,1.42323613048032,,,,coingecko
ripple,1d,2026-03-27T00:00:00+00:00,1.3681491705216458,,,,coingecko
ripple,1d,2026-03-28T00:00:00+00:00,1.3250991075693428,,,,coingecko
ripple,1d,2026-03-29T00:00:00+00:00,1.3342864570168125,,,,coingecko
ripple,1d,2026-03-30T00:00:00+00:00,1.3279211567600602,,,,coingecko
ripple,1d,2026-03-31T00:00:00+00:00,1.3228726302337825,,,,coingecko
ripple,1d,2026-04-01T00:00:00+00:00,1.3390639434582177,,,,coingecko
ripple,1d,2026-04-02T00:00:00+00:00,1.348434133804052,,,,coingecko
ripple,1d,2026-04-03T00:00:00+00:00,1.3219171671228065,,,,coingecko
ripple,1d,2026-04-04T00:00:00+00:00,1.3194997099489518,,,,coingecko
ripple,1d,2026-04-05T00:00:00+00:00,1.3175529895382665,,,,coingecko
ripple,1d,2026-04-06T00:00:00+00:00,1.3374735160923328,,,,coingecko
ripple,1d,2026-04-07T00:00:00+00:00,1.3212073179193704,,,,coingecko
ripple,1d,2026-04-08T00:00:00+00:00,1.3819971406029992,,,,coingecko
ripple,1d,2026-04-09T00:00:00+00:00,1.342791869574639,,,,coingecko
ripple,1d,2026-04-10T00:00:00+00:00,1.3449506959316484,,,,coingecko
ripple,1d,2026-04-11T00:00:00+00:00,1.3561245684325638,,,,coingecko
ripple,1d,2026-04-12T00:00:00+00:00,1.3550226689539349,,,,coingecko
ripple,1d,2026-04-13T00:00:00+00:00,1.3252607819143487,,,,coingecko
ripple,1d,2026-04-14T00:00:00+00:00,1.375705421959058,,,,coingecko
ripple,1d,2026-04-15T00:00:00+00:00,1.363623937325541,,,,coingecko
ripple,1d,2026-04-16T00:00:00+00:00,1.3924365799367313,,,,coingecko
ripple,1d,2026-04-17T00:00:00+00:00,1.4535685190773635,,,,coingecko
ripple,1d,2026-04-18T00:00:00+00:00,1.476944178548981,,,,coingecko
ripple,1d,2026-04-19T00:00:00+00:00,1.4342426784687692,,,,coingecko
ripple,1d,2026-04-20T00:00:00+00:00,1.3956962596939182,,,,coingecko
ripple,1d,2026-04-21T00:00:00+00:00,1.4252047684646112,,,,coingecko
ripple,1d,2026-04-22T00:00:00+00:00,1.4337758080346694,,,,coingecko
ripple,1d,2026-04-23T00:00:00+00:00,1.4301743977390085,,,,coingecko
ripple,1d,2026-04-24T00:00:00+00:00,1.4394581994074445,,,,coingecko
ripple,1d,2026-04-25T00:00:00+00:00,1.436134425683369,,,,coingecko
ripple,1d,2026-04-26T00:00:00+00:00,1.426350778891515,,,,coingecko
ripple,1d,2026-04-27T00:00:00+00:00,1.432179767588003,,,,coingecko
ripple,1d,2026-04-28T00:00:00+00:00,1.403977352114116,,,,coingecko
ripple,1d,2026-04-29T00:00:00+00:00,1.3830126883729867,,,,coingecko
ripple,1d,2026-04-30T00:00:00+00:00,1.3706147124320556,,,,coingecko
ripple,1d,2026-05-01T00:00:00+00:00,1.3686295149928924,,,,coingecko
ripple,1d,2026-05-02T00:00:00+00:00,1.387111151936983,,,,coingecko
ripple,1d,2026-05-03T00:00:00+00:00,1.3943322006711885,,,,coingecko
ripple,1d,2026-05-04T00:00:00+00:00,1.388725666103684,,,,coingecko
ripple,1d,2026-05-05T00:00:00+00:00,1.3924135298140945,,,,coingecko
ripple,1d,2026-05-06T00:00:00+00:00,1.4135034968103786,,,,coingecko
ripple,1d,2026-05-07T00:00:00+00:00,1.4294969503913497,,,,coingecko
ripple,1d,2026-05-08T00:00:00+00:00,1.3919587883116804,,,,coingecko
ripple,1d,2026-05-09T00:00:00+00:00,1.420641611770628,,,,coingecko
ripple,1d,2026-05-10T00:00:00+00:00,1.4224308017553566,,,,coingecko
ripple,1d,2026-05-11T00:00:00+00:00,1.4733272918435374,,,,coingecko
ripple,1d,2026-05-12T00:00:00+00:00,1.4759911514946882,,,,coingecko
ripple,1d,2026-05-13T00:00:00+00:00,1.4358487937325481,,,,coingecko
ripple,1d,2026-05-14T00:00:00+00:00,1.42655925240605,,,,coingecko
ripple,1d,2026-05-15T00:00:00+00:00,1.4825648811639263,,,,coingecko
ripple,1d,2026-05-16T00:00:00+00:00,1.4331104702954172,,,,coingecko
ripple,1d,2026-05-17T00:00:00+00:00,1.4131582551338857,,,,coingecko
ripple,1d,2026-05-18T00:00:00+00:00,1.4008124294376394,,,,coingecko
ripple,1d,2026-05-19T00:00:00+00:00,1.389106938376565,,,,coingecko
ripple,1d,2026-05-20T00:00:00+00:00,1.358688584281766,,,,coingecko
ripple,1d,2026-05-21T00:00:00+00:00,1.364914449532441,,,,coingecko
ripple,1d,2026-05-22T00:00:00+00:00,1.36936418176817,,,,coingecko
ripple,1d,2026-05-23T00:00:00+00:00,1.3323718289119872,,,,coingecko
ripple,1d,2026-05-24T00:00:00+00:00,1.354304495326544,,,,coingecko
ripple,1d,2026-05-25T00:00:00+00:00,1.3489759781401205,,,,coingecko
ripple,1d,2026-05-26T00:00:00+00:00,1.347040252911395,,,,coingecko
ripple,1d,2026-05-27T00:00:00+00:00,1.3265991470275145,,,,coingecko
ripple,1d,2026-05-28T00:00:00+00:00,1.3005645361540241,,,,coingecko
ripple,1d,2026-05-29T00:00:00+00:00,1.3143541072350677,,,,coingecko
ripple,1d,2026-05-30T00:00:00+00:00,1.3289137152633566,,,,coingecko
ripple,1d,2026-05-31T00:00:00+00:00,1.33979269803168,,,,coingecko
ripple,1d,2026-06-01T00:00:00+00:00,1.3315091082438855,,,,coingecko
ripple,1d,2026-06-02T00:00:00+00:00,1.295466044055384,,,,coingecko
ripple,1d,2026-06-03T00:00:00+00:00,1.2102231710312374,,,,coingecko
ripple,1d,2026-06-04T00:00:00+00:00,1.1998719776763807,,,,coingecko
ripple,1d,2026-06-05T00:00:00+00:00,1.1676610643848133,,,,coingecko
ripple,1d,2026-06-06T00:00:00+00:00,1.0972843950512718,,,,coingecko
ripple,1d,2026-06-07T00:00:00+00:00,1.0929747313661586,,,,coingecko
ripple,1d,2026-06-08T00:00:00+00:00,1.1548517514448144,,,,coingecko
ripple,1d,2026-06-09T00:00:00+00:00,1.1677525780115696,,,,coingecko
ripple,1d,2026-06-10T00:00:00+00:00,1.1368684224292722,,,,coingecko
ripple,1d,2026-06-11T00:00:00+00:00,1.096886405735991,,,,coingecko
ripple,1d,2026-06-12T00:00:00+00:00,1.1411231049622073,,,,coingecko
ripple,1d,2026-06-13T00:00:00+00:00,1.131721918290297,,,,coingecko
ripple,1d,2026-06-14T00:00:00+00:00,1.1501945676088534,,,,coingecko
ripple,1d,2026-06-15T00:00:00+00:00,1.1857724963931864,,,,coingecko
ripple,1d,2026-06-16T00:00:00+00:00,1.2376600592814702,,,,coingecko
ripple,1d,2026-06-17T00:00:00+00:00,1.2164421139531405,,,,coingecko
ripple,1d,2026-06-18T00:00:00+00:00,1.1858247656054528,,,,coingecko
ripple,1d,2026-06-19T00:00:00+00:00,1.1457015254597007,,,,coingecko
ripple,1d,2026-06-20T00:00:00+00:00,1.1352079033331168,,,,coingecko
ripple,1d,2026-06-21T00:00:00+00:00,1.1491349570468194,,,,coingecko
ripple,1d,2026-06-22T00:00:00+00:00,1.1240573531728624,,,,coingecko
ripple,1d,2026-06-23T00:00:00+00:00,1.1278455886946306,,,,coingecko
ripple,1d,2026-06-24T00:00:00+00:00,1.1090597219669764,,,,coingecko
ripple,1d,2026-06-25T00:00:00+00:00,1.072805994012306,,,,coingecko
ripple,1d,2026-06-26T00:00:00+00:00,1.0424278885912308,,,,coingecko
ripple,1d,2026-06-27T00:00:00+00:00,1.0466477618660692,,,,coingecko
ripple,1d,2026-06-28T00:00:00+00:00,1.0451606232986514,,,,coingecko
ripple,1d,2026-06-29T00:00:00+00:00,1.0463154690273346,,,,coingecko
ripple,1d,2026-06-30T00:00:00+00:00,1.0547737677266684,,,,coingecko
ripple,1d,2026-07-01T00:00:00+00:00,1.0381027722508576,,,,coingecko
ripple,1d,2026-07-02T00:00:00+00:00,1.0508621926009323,,,,coingecko
ripple,1d,2026-07-03T00:00:00+00:00,1.0869488576659663,,,,coingecko
ripple,1d,2026-07-04T00:00:00+00:00,1.1341333307169985,,,,coingecko
ripple,1d,2026-07-05T00:00:00+00:00,1.15642721313132,,,,coingecko
ripple,1d,2026-07-06T00:00:00+00:00,1.1564208702117225,,,,coingecko
ripple,1d,2026-07-07T00:00:00+00:00,1.1441118072110117,,,,coingecko
ripple,1d,2026-07-08T00:00:00+00:00,1.1120051240230528,,,,coingecko
ripple,1d,2026-07-09T00:00:00+00:00,1.0901740623941096,,,,coingecko
ripple,1d,2026-07-10T00:00:00+00:00,1.0927141951064325,,,,coingecko
ripple,1d,2026-07-11T00:00:00+00:00,1.104005366846566,,,,coingecko
ripple,1d,2026-07-12T00:00:00+00:00,1.096197339470673,,,,coingecko
ripple,1d,2026-07-13T00:00:00+00:00,1.0854933916295033,,,,coingecko
ripple,1d,2026-07-14T00:00:00+00:00,1.0664910722139291,,,,coingecko
ripple,1d,2026-07-15T00:00:00+00:00,1.111116761569743,,,,coingecko
ripple,1d,2026-07-16T00:00:00+00:00,1.1127284157422908,,,,coingecko
ripple,1d,2026-07-17T00:00:00+00:00,1.0863798740753594,,,,coingecko
ripple,1d,2026-07-18T00:00:00+00:00,1.0885135568085882,,,,coingecko
ripple,1d,2026-07-19T00:00:00+00:00,1.0922463620697758,,,,coingecko
ripple,1d,2026-07-20T00:00:00+00:00,1.0968034898967796,,,,coingecko
ripple,1d,2026-07-21T00:00:00+00:00,1.1112396193859457,,,,coingecko
ripple,1d,2026-07-22T00:00:00+00:00,1.1424327821391576,,,,coingecko
ripple,1d,2026-07-23T00:00:00+00:00,1.141418837576549,,,,coingecko
ripple,1d,2026-07-24T00:00:00+00:00,1.107222681879862,,,,coingecko
ripple,1d,2026-07-25T00:00:00+00:00,1.0912834733115033,,,,coingecko
ripple,1d,2026-07-26T00:00:00+00:00,1.0973556934181352,,,,coingecko
ripple,1d,2026-07-27T00:00:00+00:00,1.1119804109391629,,,,coingecko
ripple,1d,2026-07-28T00:00:00+00:00,1.0651155264803904,,,,coingecko
ripple,1d,2026-07-29T00:00:00+00:00,1.0680196954265415,,,,coingecko
ripple,1d,2026-07-30T00:00:00+00:00,1.0726215890261952,,,,coingecko
ripple,1d,2026-07-31T00:00:00+00:00,1.0821017378210545,,,,coingecko
ripple,1d,2026-08-01T00:00:00+00:00,1.060602597938289,,,,coingecko
ripple,1d,2026-08-02T00:00:00+00:00,1.059904049057053,,,,coingecko
ripple,1d,2026-08-03T00:00:00+00:00,1.0855820463617203,,,,coingecko
ripple,1d,2026-08-04T00:00:00+00:00,1.0746193498375005,,,,coingecko
ripple,1d,2026-08-05T00:00:00+00:00,1.0729984465262679,,,,coingecko
ripple,1d,2026-08-06T00:00:00+00:00,1.0612634403442796,,,,coingecko
ripple,1d,2026-08-07T00:00:00+00:00,1.0338663628577867,,,,coingecko
ripple,1d,2026-08-08T00:00:00+00:00,1.0205863784917084,,,,coingecko
ripple,1d,2026-08-09T00:00:00+00:00,1.0389339261257766,,,,coingecko
ripple,1d,2026-08-10T00:00:00+00:00,1.0290585227104907,,,,coingecko
ripple,1d,2026-08-11T00:00:00+00:00,1.0112911348316656,,,,coingecko
ripple,1d,2026-08-12T00:00:00+00:00,1.0217976248782756,,,,coingecko
ripple,1d,2026-08-13T00:00:00+00:00,1.0045392098190313,,,,coingecko
ripple,1d,2026-08-14T00:00:00+00:00,1.0084078498627047,,,,coingecko
ripple,1d,2026-08-15T00:00:00+00:00,0.9986457958160457,,,,coingecko
ripple,1d,2026-08-16T00:00:00+00:00,1.001843753853044,,,,coingecko
ripple,1d,2026-08-17T00:00:00+00:00,0.9927072784932938,,,,coingecko
ripple,1d,2026-08-18T00:00:00+00:00,1.0024131723623284,,,,coingecko
ripple,1d,2026-08-19T00:00:00+00:00,1.0011429230744608,,,,coingecko
ripple,1d,2026-08-20T00:00:00+00:00,1.1051485598996633,,,,coingecko
ripple,1d,2026-08-21T00:00:00+00:00,1.2681797698816397,,,,coingecko
ripple,1d,2026-08-22T00:00:00+00:00,1.4542994943305336,,,,coingecko
ripple,1d,2026-08-23T00:00:00+00:00,1.4637843769045962,,,,coingecko
ripple,1d,2026-08-24T00:00:00+00:00,1.52050482788377,,,,coingecko
ripple,1d,2026-08-25T00:00:00+00:00,1.4804016400422346,,,,coingecko
ripple,1d,2026-08-26T00:00:00+00:00,1.434049819401547,,,,coingecko
ripple,1d,2026-08-27T00:00:00+00:00,1.422486925574032,,,,coingecko
ripple,1d,2026-08-28T00:00:00+00:00,1.453606158145044,,,,coingecko
ripple,1d,2026-08-29T00:00:00+00:00,1.3834326975271105,,,,coingecko
ripple,1d,2026-08-30T00:00:00+00:00,1.3962919749950886,,,,coingecko
ripple,1d,2026-08-31T00:00:00+00:00,1.3579266931353293,,,,coingecko
ripple,1d,2026-09-01T00:00:00+00:00,1.3792804733945896,,,,coingecko
ripple,1d,2026-09-02T00:00:00+00:00,1.3514651765110592,,,,coingecko
ripple,1d,2026-09-03T00:00:00+00:00,1.350370850400152,,,,coingecko
ripple,1d,2026-09-04T00:00:00+00:00,1.4512912373932785,,,,coingecko
ripple,1d,2026-09-05T00:00:00+00:00,1.3986937238549557,,,,coingecko
ripple,1d,2026-09-06T00:00:00+00:00,1.4122708256630054,,,,coingecko
ripple,1d,2026-09-07T00:00:00+00:00,1.4226486567524865,,,,coingecko
ripple,1d,2026-09-08T00:00:00+00:00,1.3960935547617492,,,,coingecko
ripple,1d,2026-09-09T00:00:00+00:00,1.4172841566021832,,,,coingecko
ripple,1d,2026-09-10T00:00:00+00:00,1.3947406589248457,,,,coingecko
ripple,1d,2026-09-11T00:00:00+00:00,1.3340102087604153,,,,coingecko
ripple,1d,2026-09-12T00:00:00+00:00,1.3557713966363036,,,,coingecko
ripple,1d,2026-09-13T00:00:00+00:00,1.3662323076269962,,,,coingecko
ripple,1d,2026-09-14T00:00:00+00:00,1.341587719478689,,,,coingecko
ripple,1d,2026-09-15T00:00:00+00:00,1.4231784835036279,,,,coingecko
ripple,1d,2026-09-16T00:00:00+00:00,1.2832801680810546,,,,coingecko
ripple,1d,2026-09-17T00:00:00+00:00,1.298304364425906,,,,coingecko
ripple,1d,2026-09-18T00:00:00+00:00,1.2954485992654137,,,,coingecko
ripple,1d,2026-09-19T00:00:00+00:00,1.3960002270584508,,,,coingecko
ripple,1d,2026-09-20T00:00:00+00:00,1.4099588207580518,,,,coingecko
ripple,1d,2026-09-21T00:00:00+00:00,1.4102316069939922,,,,coingecko
ripple,1d,2026-09-22T00:00:00+00:00,1.5349840525522158,,,,coingecko
ripple,1d,2026-09-23T00:00:00+00:00,1.571302241663608,,,,coingecko
ripple,1d,2026-09-24T00:00:00+00:00,1.50106804404108,,,,coingecko
ripple,1d,2026-09-25T00:00:00+00:00,1.5339867896033,,,,coingecko
ripple,1d,2026-09-26T00:00:00+00:00,1.5681249917787932,,,,coingecko
ripple,4h,2026-08-28T08:00:00+00:00,1.4211657933723336,5796385430.763594,1.4282716223391951,1.403342067351952,coingecko
ripple,4h,2026-08-28T12:00:00+00:00,1.4344774386486683,12189201802.59731,1.4416498258419115,1.412580741617296,coingecko
ripple,4h,2026-08-28T16:00:00+00:00,1.3733037157419639,12360850382.17437,1.4112260814979503,1.366437197163254,coingecko
ripple,4h,2026-08-28T20:00:00+00:00,1.3825835746721418,12164891435.73047,1.3894964925455022,1.3647524907456263,coingecko
ripple,4h,2026-08-29T00:00:00+00:00,1.382791134003025,11623008180.188356,1.3918700762000835,1.37587717833301,coingecko
ripple,4h,2026-08-29T04:00:00+00:00,1.380683509059198,10598742249.073126,1.3959005139679932,1.37236512601724,coingecko
ripple,4h,2026-08-29T08:00:00+00:00,1.3853196340765053,10069929552.154991,1.3922462322468876,1.3759325639216342,coingecko
ripple,4h,2026-08-29T12:00:00+00:00,1.4004784489350466,8816777471.982143,1.4074808411797217,1.3762930168147665,coingecko
ripple,4h,2026-08-29T16:00:00+00:00,1.3942649409302443,5658199002.720117,1.4012362656348953,1.384973911557513,coingecko
ripple,4h,2026-08-29T20:00:00+00:00,1.3934460898647871,4577534950.1045475,1.404673834824785,1.3853774465304418,coingecko
ripple,4h,2026-08-30T00:00:00+00:00,1.3936913228487036,4328223445.579472,1.403273434870064,1.3845522258513985,coingecko
ripple,4h,2026-08-30T04:00:00+00:00,1.4012627787299372,4196192098.9182796,1.4082690926235868,1.3849387887093059,coingecko
ripple,4h,2026-08-30T08:00:00+00:00,1.3893258432258493,4208246340.530565,1.3987044768843164,1.3795363649803598,coingecko
ripple,4h,2026-08-30T12:00:00+00:00,1.4037086626158686,4507367915.903699,1.4156763276013056,1.3849090607482202,coingecko
ripple,4h,2026-08-30T16:00:00+00:00,1.425255372372598,4933555227.215675,1.4323816492344608,1.3907371022755766,coingecko
ripple,4h,2026-08-30T20:00:00+00:00,1.3854158367446732,5579698216.865181,1.4183454683837757,1.37848875756095,coingecko
ripple,4h,2026-08-31T00:00:00+00:00,1.3446757252657193,7229167614.545364,1.3715400636108723,1.3363565188172086,coingecko
ripple,4h,2026-08-31T04:00:00+00:00,1.3642875280251432,7979990225.16444,1.3711089656652689,1.344753659070588,coingecko
ripple,4h,2026-08-31T08:00:00+00:00,1.3805895698180966,8790033980.155386,1.3874925176671868,1.3655134501503177,coingecko
ripple,4h,2026-08-31T12:00:00+00:00,1.3764846541139266,9192653622.84013,1.3833670773844962,1.354792498436978,coingecko
ripple,4h,2026-08-31T16:00:00+00:00,1.386122925089657,9518167150.724548,1.3930535397151051,1.3654213561625854,coingecko
ripple,4h,2026-08-31T20:00:00+00:00,1.3798167613019676,9198249244.777458,1.3949646571061858,1.3729176774954577,coingecko
ripple,4h,2026-09-01T00:00:00+00:00,1.3749283836812096,7551929006.216211,1.3909691513385376,1.3680537417628036,coingecko
ripple,4h,2026-09-01T04:00:00+00:00,1.3838888898384762,7217384061.608744,1.4009684450248319,1.373243399549107,coingecko
ripple,4h,2026-09-01T08:00:00+00:00,1.3774570648758127,6913212640.777446,1.3866428975386706,1.3560964796541197,coingecko
ripple,4h,2026-09-01T12:00:00+00:00,1.37781478684958,7076509995.291899,1.3887166545028353,1.362546268578365,coingecko
ripple,4h,2026-09-01T16:00:00+00:00,1.3555956925411947,7216050683.853926,1.3848993687377953,1.3488177140784887,coingecko
ripple,4h,2026-09-01T20:00:00+00:00,1.3445042721590372,7897631279.235195,1.3615007243226802,1.3377817507982421,coingecko
ripple,4h,2026-09-02T00:00:00+00:00,1.3439664238359712,8491875140.813708,1.3582225023936143,1.3273623139980917,coingecko
ripple,4h,2026-09-02T04:00:00+00:00,1.3459746039567266,9178662054.99438,1.3579105993698906,1.339244730936943,coingecko
ripple,4h,2026-09-02T08:00:00+00:00,1.3190952311368869,9229447300.955421,1.3517576336102721,1.3124997549812025,coingecko
ripple,4h,2026-09-02T12:00:00+00:00,1.331284762311625,9718339725.805136,1.3464317552459988,1.3110500318419487,coingecko
ripple,4h,2026-09-02T16:00:00+00:00,1.3411547505031,9711677547.436369,1.3478605242556154,1.3258494059381667,coingecko
ripple,4h,2026-09-02T20:00:00+00:00,1.3444069128461982,9232073447.03945,1.3575110509600434,1.3370061729464402,coingecko
ripple,4h,2026-09-03T00:00:00+00:00,1.3687591171886508,9175323339.267979,1.375602912774594,1.3375437626258422,coingecko
ripple,4h,2026-09-03T04:00:00+00:00,1.3638998424931494,9770862876.257597,1.3754878976720546,1.3570803432806837,coingecko
ripple,4h,2026-09-03T08:00:00+00:00,1.3642129659847966,9883575255.391394,1.3755047146146075,1.3542945598394922,coingecko
ripple,4h,2026-09-03T12:00:00+00:00,1.4500163746821932,10474415143.414837,1.4572664565556042,1.3660463588803127,coingecko
ripple,4h,2026-09-03T16:00:00+00:00,1.462941739810113,14612195275.888731,1.4719704997586847,1.4458090276762579,coingecko
ripple,4h,2026-09-03T20:00:00+00:00,1.4550794526063444,16608146610.961123,1.478869631878417,1.4478040553433127,coingecko
ripple,4h,2026-09-04T00:00:00+00:00,1.4461397635667752,16667342221.054035,1.4585476935802446,1.435674003812471,coingecko
ripple,4h,2026-09-04T04:00:00+00:00,1.4459385011662214,16220032700.83839,1.4572076396486637,1.4387088086603903,coingecko
ripple,4h,2026-09-04T08:00:00+00:00,1.4489458209938613,16385511794.823917,1.4638104999676327,1.4364246731389534,coingecko
ripple,4h,2026-09-04T12:00:00+00:00,1.3896641421237945,17211988140.721897,1.45780969307233,1.3827158214131756,coingecko
ripple,4h,2026-09-04T16:00:00+00:00,1.399235798311161,14609033545.721004,1.4100432123676678,1.3872457200728563,coingecko
ripple,4h,2026-09-04T20:00:00+00:00,1.3957762654078452,12940397348.719547,1.4073945541534085,1.3887973840808059,coingecko
ripple,4h,2026-09-05T00:00:00+00:00,1.3985688116332244,11478132959.6166,1.4056871924742302,1.3889018569175398,coingecko
ripple,4h,2026-09-05T04:00:00+00:00,1.403652505111873,10795698385.87974,1.4106707676374322,1.3904412759447866,coingecko
ripple,4h,2026-09-05T08:00:00+00:00,1.405408931233239,9695552536.74851,1.414328088270224,1.39750098124158,coingecko
ripple,4h,2026-09-05T12:00:00+00:00,1.4147091232340798,7204503955.189475,1.4221943756587783,1.397314555576883,coingecko
ripple,4h,2026-09-05T16:00:00+00:00,1.41779423992866,5690822340.52486,1.4328403089074542,1.4054453005783678,coingecko
ripple,4h,2026-09-05T20:00:00+00:00,1.4144775686644822,5622552417.494201,1.4270821726930596,1.4074051808211598,coingecko
ripple,4h,2026-09-06T00:00:00+00:00,1.4184817016562175,5939491541.44553,1.4255741101644983,1.4052094715346903,coingecko
ripple,4h,2026-09-06T04:00:00+00:00,1.4185018642927132,6190107405.385153,1.4314364147748286,1.4114093549712496,coingecko
ripple,4h,2026-09-06T08:00:00+00:00,1.421413782572893,6259252568.701487,1.4285208514857572,1.4086388641251486,coingecko
ripple,4h,2026-09-06T12:00:00+00:00,1.4093047879256553,6245301472.6422415,1.4278083025416866,1.402258263986027,coingecko
ripple,4h,2026-09-06T16:00:00+00:00,1.4127201296581495,6136741666.816055,1.4197837303064402,1.4019420660299047,coingecko
ripple,4h,2026-09-06T20:00:00+00:00,1.418830498788061,5787028801.200742,1.4322207774181537,1.402892804427922,coingecko
ripple,4h,2026-09-07T00:00:00+00:00,1.4133685887805418,5991426383.918373,1.4297619000362487,1.3995987672859276,coingecko
ripple,4h,2026-09-07T04:00:00+00:00,1.4086960685457857,6565704500.111509,1.4157395488885145,1.3988644224326763,coingecko
ripple,4h,2026-09-07T08:00:00+00:00,1.3987332926004985,7166844432.892796,1.4105998796118435,1.3899564778068358,coingecko
ripple,4h,2026-09-07T12:00:00+00:00,1.3985518612999204,7468971876.083522,1.4186251485010504,1.3915591019934208,coingecko
ripple,4h,2026-09-07T16:00:00+00:00,1.3950136828135438,8088756705.230443,1.4052847895322926,1.3765376387093076,coingecko
ripple,4h,2026-09-07T20:00:00+00:00,1.3883040409978096,8258207842.626574,1.4087018256444355,1.3813625207928206,coingecko
ripple,4h,2026-09-08T00:00:00+00:00,1.3921408232518724,8176561722.805062,1.4107267679525877,1.385180119135613,coingecko
ripple,4h,2026-09-08T04:00:00+00:00,1.3831620882188542,7811161035.010265,1.4014957630088323,1.37624627777776,coingecko
ripple,4h,2026-09-08T08:00:00+00:00,1.3975702221349382,7625856511.825354,1.4054786551089926,1.3801119425979849,coingecko
ripple,4h,2026-09-08T12:00:00+00:00,1.4171453961585485,7682877051.564679,1.4242311231393412,1.3865538875157506,coingecko
ripple,4h,2026-09-08T16:00:00+00:00,1.4310269069645916,8695956958.008974,1.443128459561463,1.420244010770753,coingecko
ripple,4h,2026-09-08T20:00:00+00:00,1.4182942102271947,9816505432.71566,1.429924728823338,1.407631182563208,coingecko
ripple,4h,2026-09-09T00:00:00+00:00,1.4165096195581657,9807722095.853283,1.427499404834069,1.409427071460375,coingecko
ripple,4h,2026-09-09T04:00:00+00:00,1.4337272901259013,10107645592.99533,1.4428851919700427,1.4098500675637078,coingecko
ripple,4h,2026-09-09T08:00:00+00:00,1.4228790493299244,10368093199.741764,1.4479037109896313,1.413300776772958,coingecko
ripple,4h,2026-09-09T12:00:00+00:00,1.4251267163580488,10610591632.288376,1.4438891211896279,1.4180010827762586,coingecko
ripple,4h,2026-09-09T16:00:00+00:00,1.4172764650338916,10159864649.51696,1.429565768422091,1.4101900827087221,coingecko
ripple,4h,2026-09-09T20:00:00+00:00,1.3837627654700635,9641952697.980223,1.4103231489132433,1.3768439516427131,coingecko
ripple,4h,2026-09-10T00:00:00+00:00,1.3921150898396701,9925384041.217623,1.4017143622194697,1.375674290187316,coingecko
ripple,4h,2026-09-10T04:00:00+00:00,1.3885725646858946,9457382014.995398,1.3983541939248658,1.3816297018624653,coingecko
ripple,4h,2026-09-10T08:00:00+00:00,1.3748215274832485,9049178443.780416,1.389012827287609,1.3679474198458323,coingecko
ripple,4h,2026-09-10T12:00:00+00:00,1.3596557866829335,9541110508.097305,1.3831672149419818,1.351411651041485,coingecko
ripple,4h,2026-09-10T16:00:00+00:00,1.3552945236504126,9628713049.239573,1.3668858984143901,1.3466401524210598,coingecko
ripple,4h,2026-09-10T20:00:00+00:00,1.3426788222443864,9247775133.182035,1.3604081138049193,1.3359654281331645,coingecko
ripple,4h,2026-09-11T00:00:00+00:00,1.3420482053474914,8797379463.925428,1.3525437864241088,1.3273401577166133,coingecko
ripple,4h,2026-09-11T04:00:00+00:00,1.352736260323854,8692811191.708118,1.3594999416254732,1.3359300754680923,coingecko
ripple,4h,2026-09-11T08:00:00+00:00,1.332607041957367,8508616721.881452,1.3598434972256157,1.32594400674758,coingecko
ripple,4h,2026-09-11T12:00:00+00:00,1.3941928866234004,9497182832.486925,1.4212407064521073,1.3216286092182914,coingecko
ripple,4h,2026-09-11T16:00:00+00:00,1.3519943114391368,10950236535.972359,1.3838129789187918,1.345234339881941,coingecko
ripple,4h,2026-09-11T20:00:00+00:00,1.349463824767994,11186070583.678385,1.3688662041362483,1.342716505644154,coingecko
ripple,4h,2026-09-12T00:00:00+00:00,1.3631790897829323,10965724527.718002,1.369994985231847,1.3489925396531222,coingecko
ripple,4h,2026-09-12T04:00:00+00:00,1.3629084902655904,10704909716.810762,1.3707233859534775,1.3560939478142624,coingecko
ripple,4h,2026-09-12T08:00:00+00:00,1.3733142654285566,10442536192.218102,1.3801808367556994,1.3597730642146277,coingecko
ripple,4h,2026-09-12T12:00:00+00:00,1.3697991379624894,8203349152.720461,1.3789643527020166,1.3609704356421504,coingecko
ripple,4h,2026-09-12T16:00:00+00:00,1.3633704318952884,5303273980.816655,1.3794083372592745,1.356553579735812,coingecko
ripple,4h,2026-09-12T20:00:00+00:00,1.3631677812108816,4313441650.495548,1.3710860051745044,1.3558314357780923,coingecko
ripple,4h,2026-09-13T00:00:00+00:00,1.3678276345689668,3933246814.0855365,1.3746667727418116,1.3594011460888613,coingecko
ripple,4h,2026-09-13T04:00:00+00:00,1.3604860417059343,3761392845.4508986,1.3746018332966834,1.3536836114974047,coingecko
ripple,4h,2026-09-13T08:00:00+00:00,1.3401135871600531,3687250846.1284275,1.3643522710159846,1.3334130192242528,coingecko
ripple,4h,2026-09-13T12:00:00+00:00,1.350336196620928,3768056067.7818213,1.3570878776040325,1.333339062864084,coingecko
ripple,4h,2026-09-13T16:00:00+00:00,1.358089088663102,3756503421.6542387,1.3648795341064175,1.3366420090046935,coingecko
ripple,4h,2026-09-13T20:00:00+00:00,1.336985912210596,3926151302.7745857,1.3676054460955125,1.330300982649543,coingecko
ripple,4h,2026-09-14T00:00:00+00:00,1.3698279841913519,4725142025.194384,1.3766771241123086,1.3348797808812956,coingecko
ripple,4h,2026-09-14T04:00:00+00:00,1.3858834694139675,5834443951.94844,1.3928128867610372,1.3651334273382463,coingecko
ripple,4h,2026-09-14T08:00:00+00:00,1.396744052851537,7045844471.942385,1.4093936396582996,1.3778161597163738,coingecko
ripple,4h,2026-09-14T12:00:00+00:00,1.3989613400268364,8585437715.820015,1.4059561467269703,1.3872510058385195,coingecko
ripple,4h,2026-09-14T16:00:00+00:00,1.4773500750431205,11314803954.891945,1.484736825418336,1.396082948667728,coingecko
ripple,4h,2026-09-14T20:00:00+00:00,1.4353707264279272,16415803480.785635,1.470822180362265,1.4281938727957875,coingecko
ripple,4h,2026-09-15T00:00:00+00:00,1.4232598985434524,16951140343.050285,1.4303761980361696,1.4122008735389087,coingecko
ripple,4h,2026-09-15T04:00:00+00:00,1.3993255006057,16760976885.501322,1.422282925257753,1.3923288731026715,coingecko
ripple,4h,2026-09-15T08:00:00+00:00,1.4023323614556906,16908539251.814442,1.409344023262969,1.3864678340715686,coingecko
ripple,4h,2026-09-15T12:00:00+00:00,1.3862124887267873,17108815886.480022,1.4245364863517316,1.3792814262831534,coingecko
ripple,4h,2026-09-15T16:00:00+00:00,1.3256679804732485,19589075323.33217,1.4120018710575637,1.3190396405708822,coingecko
ripple,4h,2026-09-15T20:00:00+00:00,1.288423944743525,22676077955.78899,1.3027614345273366,1.27003781928336,coingecko
ripple,4h,2026-09-16T00:00:00+00:00,1.2885390702176895,23037226946.666153,1.2949817655687779,1.2684186150473853,coingecko
ripple,4h,2026-09-16T04:00:00+00:00,1.2967271175426784,23767366065.88452,1.3075952626227554,1.2896829937258751,coingecko
ripple,4h,2026-09-16T08:00:00+00:00,1.2880053864056125,23541305702.41635,1.2971227850230396,1.2774740378220522,coingecko
ripple,4h,2026-09-16T12:00:00+00:00,1.2655022216696743,22434251387.82702,1.3016882480113872,1.259174710561326,coingecko
ripple,4h,2026-09-16T16:00:00+00:00,1.2843360844114908,20258243888.18712,1.2907577648335482,1.2567321274689174,coingecko
ripple,4h,2026-09-16T20:00:00+00:00,1.2855059657406873,16233750982.40268,1.308178232519887,1.2790784359119838,coingecko
ripple,4h,2026-09-17T00:00:00+00:00,1.299120300611955,15350425846.337154,1.3061063458950035,1.287706458164483,coingecko
ripple,4h,2026-09-17T04:00:00+00:00,1.3000496357168454,14527192628.274773,1.3082561271823185,1.2879438326167716,coingecko
ripple,4h,2026-09-17T08:00:00+00:00,1.2945144165378728,14492702052.468225,1.3092133605248721,1.2880418444551833,coingecko
ripple,4h,2026-09-17T12:00:00+00:00,1.299829133343008,14561358440.8927,1.3107407147947057,1.2911787437344384,coingecko
ripple,4h,2026-09-17T16:00:00+00:00,1.2945604967136948,13481009024.130821,1.31313613869906,1.2880876942301263,coingecko
ripple,4h,2026-09-17T20:00:00+00:00,1.2949159554750236,10117949516.619116,1.3041771882495015,1.2837110666373084,coingecko
ripple,4h,2026-09-18T00:00:00+00:00,1.3048007737741787,9398356100.107815,1.3113247776430494,1.2889713562690865,coingecko
ripple,4h,2026-09-18T04:00:00+00:00,1.320341464512538,10169059094.976988,1.331179281536849,1.3104619706227272,coingecko
ripple,4h,2026-09-18T08:00:00+00:00,1.3303786854923592,10787423661.688278,1.3421053494329203,1.3208724085710895,coingecko
ripple,4h,2026-09-18T12:00:00+00:00,1.3985380152308247,11696106292.915394,1.4055307053069785,1.3160260282024572,coingecko
ripple,4h,2026-09-18T16:00:00+00:00,1.386151088142717,14633234321.50241,1.3961205492114983,1.3732102240511384,coingecko
ripple,4h,2026-09-18T20:00:00+00:00,1.3982427457953193,16480274940.710194,1.4169198378226486,1.3912515320663426,coingecko
ripple,4h,2026-09-19T00:00:00+00:00,1.4126885654829822,17429996335.262447,1.419752008310397,1.3890202259231585,coingecko
ripple,4h,2026-09-19T04:00:00+00:00,1.421430275765966,17606708580.61492,1.4342140140637973,1.407479821716904,coingecko
ripple,4h,2026-09-19T08:00:00+00:00,1.4178993276891898,17353225254.40255,1.4249888243276356,1.4033786962113137,coingecko
ripple,4h,2026-09-19T12:00:00+00:00,1.4384340811353182,16930878023.167978,1.4456262515409948,1.4249963680750473,coingecko
ripple,4h,2026-09-19T16:00:00+00:00,1.4293789289302878,14250319111.88746,1.441500988192815,1.4198060950613756,coingecko
ripple,4h,2026-09-19T20:00:00+00:00,1.416023425404564,13631102096.1482,1.4353417352083944,1.4022208033975714,coingecko
ripple,4h,2026-09-20T00:00:00+00:00,1.369368731598356,12606194742.997147,1.417008614861842,1.3625218879403642,coingecko
ripple,4h,2026-09-20T04:00:00+00:00,1.38091613374179,11734016474.790337,1.3891304834953822,1.3735345074207643,coingecko
ripple,4h,2026-09-20T08:00:00+00:00,1.3756286919165703,11360623758.277216,1.3900431911834072,1.3687505484569875,coingecko
ripple,4h,2026-09-20T12:00:00+00:00,1.3786316665642997,10193294916.147476,1.3865965533153337,1.3699924375208905,coingecko
ripple,4h,2026-09-20T16:00:00+00:00,1.4040146331553776,9936063141.187252,1.416777234816837,1.3828694847495884,coingecko
ripple,4h,2026-09-20T20:00:00+00:00,1.4094717295279418,9419922882.295288,1.4165190881755814,1.394237793944207,coingecko
ripple,4h,2026-09-21T00:00:00+00:00,1.415322235293547,9878243031.625212,1.4327349327802885,1.4006714137982053,coingecko
ripple,4h,2026-09-21T04:00:00+00:00,1.4357369256330068,10035246775.278442,1.4429156102611718,1.4118076963559498,coingecko
ripple,4h,2026-09-21T08:00:00+00:00,1.48876842641551,13266090246.009537,1.4962122685475876,1.4315547389795467,coingecko
ripple,4h,2026-09-21T12:00:00+00:00,1.496966722854327,16817601049.889713,1.5044515564685985,1.478330654964455,coingecko
ripple,4h,2026-09-21T16:00:00+00:00,1.509558640151505,18984440548.251274,1.5171064333522624,1.4820067841759097,coingecko
ripple,4h,2026-09-21T20:00:00+00:00,1.5555915425118767,22602001784.88138,1.5633695002244359,1.4990607805927971,coingecko
ripple,4h,2026-09-22T00:00:00+00:00,1.5150446905073358,24288445688.470963,1.5426589728149767,1.5039575190758434,coingecko
ripple,4h,2026-09-22T04:00:00+00:00,1.519049151134312,25384580489.20593,1.5266443968899834,1.503388764900327,coingecko
ripple,4h,2026-09-22T08:00:00+00:00,1.5313170963901588,25784445884.212883,1.553801301650546,1.509734447585816,coingecko
ripple,4h,2026-09-22T12:00:00+00:00,1.564135610288279,24343950521.533207,1.59609904702188,1.5296211251738048,coingecko
ripple,4h,2026-09-22T16:00:00+00:00,1.5816436187144818,25143205896.139915,1.5895518368080541,1.5552988664549114,coingecko
ripple,4h,2026-09-22T20:00:00+00:00,1.5723035328368646,25275938218.01703,1.5941382054143756,1.56058979572649,coingecko
ripple,4h,2026-09-23T00:00:00+00:00,1.5983981678196277,24065956088.802334,1.6063901586587257,1.56344573045529,coingecko
ripple,4h,2026-09-23T04:00:00+00:00,1.6256824822328657,26605607942.487732,1.6472875877109499,1.5999885117858497,coingecko
ripple,4h,2026-09-23T08:00:00+00:00,1.5938225495567602,26822796341.639412,1.6249997908996294,1.5858534368089763,coingecko
ripple,4h,2026-09-23T12:00:00+00:00,1.525126006527644,27891348536.81054,1.583977062347556,1.5175003764950057,coingecko
ripple,4h,2026-09-23T16:00:00+00:00,1.4977301225503628,27189432459.260284,1.5101421122086651,1.4898231335812597,coingecko
ripple,4h,2026-09-23T20:00:00+00:00,1.5016450241649197,24612845827.36724,1.5091532492857442,1.4756029541388225,coingecko
ripple,4h,2026-09-24T00:00:00+00:00,1.50426174736845,23815933755.435123,1.511783056105292,1.4823125887229256,coingecko
ripple,4h,2026-09-24T04:00:00+00:00,1.5023697601691939,21703982394.97569,1.5124245498227729,1.4867836578719713,coingecko
ripple,4h,2026-09-24T08:00:00+00:00,1.467653859080295,18662967899.58306,1.5141321776957195,1.4503891789193517,coingecko
ripple,4h,2026-09-24T12:00:00+00:00,1.496186414805119,17615135769.310074,1.5081098166325428,1.4613103123792606,coingecko
ripple,4h,2026-09-24T16:00:00+00:00,1.5364171948626444,17073664422.476494,1.5440992808369574,1.5065732595444223,coingecko
ripple,4h,2026-09-24T20:00:00+00:00,1.5323062448118439,16385938780.422028,1.544115322450011,1.5199034276238892,coingecko
ripple,4h,2026-09-25T00:00:00+00:00,1.527691921681065,17084333421.795763,1.5514538750200706,1.5200534620726596,coingecko
ripple,4h,2026-09-25T04:00:00+00:00,1.53015613913055,16812625399.924477,1.5399733005609413,1.5203393675254337,coingecko
ripple,4h,2026-09-25T08:00:00+00:00,1.5568887165317524,17053490877.659092,1.564673160114411,1.52564664853405,coingecko
ripple,4h,2026-09-25T12:00:00+00:00,1.587589393879891,23178163718.22889,1.6077698742847277,1.5752038533870232,coingecko
ripple,4h,2026-09-25T16:00:00+00:00,1.5687383112125184,26727177555.848763,1.584393483496627,1.554758011282027,coingecko
ripple,4h,2026-09-25T20:00:00+00:00,1.5687122478645272,26648642130.33112,1.5795514471171224,1.5440565637666455,coingecko
ripple,4h,2026-09-26T00:00:00+00:00,1.564679740663292,25922558589.306667,1.5837121764770423,1.555799949268803,coingecko
ripple,4h,2026-09-26T04:00:00+00:00,1.5485251946071374,23321597361.925777,1.566340659741833,1.5407825686341017,coingecko
ripple,4h,2026-09-26T08:00:00+00:00,1.5513681394427765,22581477540.301132,1.5602719717582758,1.5329963132739408,coingecko
ripple,4h,2026-09-26T12:00:00+00:00,1.545658670161376,16382696072.509428,1.5543239480141648,1.5327451388987314,coingecko
ripple,4h,2026-09-26T16:00:00+00:00,1.5209249805442628,11569003628.68248,1.560014337335511,1.5133203556415415,coingecko
ripple,4h,2026-09-26T20:00:00+00:00,1.5219073177541405,10428712921.735504,1.5313334646435794,1.5038130194572765,coingecko
ripple,4h,2026-09-27T00:00:00+00:00,1.5200698861097233,9951765818.260563,1.5349096462516374,1.509640798246071,coingecko
ripple,4h,2026-09-27T04:00:00+00:00,1.5210367377895524,9550003983.562279,1.5286419214785,1.4994628980207334,coingecko
binancecoin,1d,2026-01-21T00:00:00+00:00,881.8889819088545,,,,coingecko
binancecoin,1d,2026-01-22T00:00:00+00:00,882.7933729704462,,,,coingecko
binancecoin,1d,2026-01-23T00:00:00+00:00,887.4878725035992,,,,coingecko
binancecoin,1d,2026-01-24T00:00:00+00:00,890.2668410148842,,,,coingecko
binancecoin,1d,2026-01-25T00:00:00+00:00,885.2762159944691,,,,coingecko
binancecoin,1d,2026-01-26T00:00:00+00:00,864.0849113740555,,,,coingecko
binancecoin,1d,2026-01-27T00:00:00+00:00,877.9915843883608,,,,coingecko
binancecoin,1d,2026-01-28T00:00:00+00:00,897.3151546620949,,,,coingecko
binancecoin,1d,2026-01-29T00:00:00+00:00,902.0202232463387,,,,coingecko
binancecoin,1d,2026-01-30T00:00:00+00:00,867.5132721515412,,,,coingecko
binancecoin,1d,2026-01-31T00:00:00+00:00,857.1019214378521,,,,coingecko
binancecoin,1d,2026-02-01T00:00:00+00:00,779.6855757145962,,,,coingecko
binancecoin,1d,2026-02-02T00:00:00+00:00,758.0226225859311,,,,coingecko
binancecoin,1d,2026-02-03T00:00:00+00:00,772.7669066347585,,,,coingecko
binancecoin,1d,2026-02-04T00:00:00+00:00,752.5356483340834,,,,coingecko
binancecoin,1d,2026-02-05T00:00:00+00:00,696.0648712344613,,,,coingecko
binancecoin,1d,2026-02-06T00:00:00+00:00,606.902857534796,,,,coingecko
binancecoin,1d,2026-02-07T00:00:00+00:00,654.5519791800546,,,,coingecko
binancecoin,1d,2026-02-08T00:00:00+00:00,646.8126106841095,,,,coingecko
binancecoin,1d,2026-02-09T00:00:00+00:00,640.1059423190089,,,,coingecko
binancecoin,1d,2026-02-10T00:00:00+00:00,636.956462489727,,,,coingecko
binancecoin,1d,2026-02-11T00:00:00+00:00,619.3542473218653,,,,coingecko
binancecoin,1d,2026-02-12T00:00:00+00:00,608.4290107913192,,,,coingecko
binancecoin,1d,2026-02-13T00:00:00+00:00,613.9633538815037,,,,coingecko
binancecoin,1d,2026-02-14T00:00:00+00:00,618.9261438677029,,,,coingecko
binancecoin,1d,2026-02-15T00:00:00+00:00,632.4556787932836,,,,coingecko
binancecoin,1d,2026-02-16T00:00:00+00:00,614.2795141777232,,,,coingecko
binancecoin,1d,2026-02-17T00:00:00+00:00,626.8656793568996,,,,coingecko
binancecoin,1d,2026-02-18T00:00:00+00:00,618.1700830481263,,,,coingecko
binancecoin,1d,2026-02-19T00:00:00+00:00,604.1150841007902,,,,coingecko
binancecoin,1d,2026-02-20T00:00:00+00:00,607.1260844479245,,,,coingecko
binancecoin,1d,2026-02-21T00:00:00+00:00,626.5273546048493,,,,coingecko
binancecoin,1d,2026-02-22T00:00:00+00:00,625.7245510280627,,,,coingecko
binancecoin,1d,2026-02-23T00:00:00+00:00,589.4687730267202,,,,coingecko
binancecoin,1d,2026-02-24T00:00:00+00:00,596.6626313609953,,,,coingecko
binancecoin,1d,2026-02-25T00:00:00+00:00,583.7319890941815,,,,coingecko
binancecoin,1d,2026-02-26T00:00:00+00:00,629.0621013497806,,,,coingecko
binancecoin,1d,2026-02-27T00:00:00+00:00,625.592704500723,,,,coingecko
binancecoin,1d,2026-02-28T00:00:00+00:00,613.2764301657836,,,,coingecko
binancecoin,1d,2026-03-01T00:00:00+00:00,617.7144379235691,,,,coingecko
binancecoin,1d,2026-03-02T00:00:00+00:00,618.6936980211282,,,,coingecko
binancecoin,1d,2026-03-03T00:00:00+00:00,637.4293523214789,,,,coingecko
binancecoin,1d,2026-03-04T00:00:00+00:00,633.3422696816933,,,,coingecko
binancecoin,1d,2026-03-05T00:00:00+00:00,658.3186569482641,,,,coingecko
binancecoin,1d,2026-03-06T00:00:00+00:00,648.0603619606361,,,,coingecko
binancecoin,1d,2026-03-07T00:00:00+00:00,626.851298987526,,,,coingecko
binancecoin,1d,2026-03-08T00:00:00+00:00,620.9074419975918,,,,coingecko
binancecoin,1d,2026-03-09T00:00:00+00:00,611.9485195167236,,,,coingecko
binancecoin,1d,2026-03-10T00:00:00+00:00,634.8747637490042,,,,coingecko
binancecoin,1d,2026-03-11T00:00:00+00:00,641.8894106102791,,,,coingecko
binancecoin,1d,2026-03-12T00:00:00+00:00,651.4124269513053,,,,coingecko
binancecoin,1d,2026-03-13T00:00:00+00:00,650.696970577604,,,,coingecko
binancecoin,1d,2026-03-14T00:00:00+00:00,655.2115423507036,,,,coingecko
binancecoin,1d,2026-03-15T00:00:00+00:00,657.349799131319,,,,coingecko
binancecoin,1d,2026-03-16T00:00:00+00:00,675.751059049176,,,,coingecko
binancecoin,1d,2026-03-17T00:00:00+00:00,678.2088254970625,,,,coingecko
binancecoin,1d,2026-03-18T00:00:00+00:00,668.8976540761711,,,,coingecko
binancecoin,1d,2026-03-19T00:00:00+00:00,651.6094717730115,,,,coingecko
binancecoin,1d,2026-03-20T00:00:00+00:00,639.1519706225815,,,,coingecko
binancecoin,1d,2026-03-21T00:00:00+00:00,642.1471370599114,,,,coingecko
binancecoin,1d,2026-03-22T00:00:00+00:00,624.6276730266253,,,,coingecko
binancecoin,1d,2026-03-23T00:00:00+00:00,626.5373626989152,,,,coingecko
binancecoin,1d,2026-03-24T00:00:00+00:00,639.19746183984,,,,coingecko
binancecoin,1d,2026-03-25T00:00:00+00:00,638.2973036689143,,,,coingecko
binancecoin,1d,2026-03-26T00:00:00+00:00,647.8097781960232,,,,coingecko
binancecoin,1d,2026-03-27T00:00:00+00:00,628.075063746569,,,,coingecko
binancecoin,1d,2026-03-28T00:00:00+00:00,612.6466132872106,,,,coingecko
binancecoin,1d,2026-03-29T00:00:00+00:00,610.6947039590251,,,,coingecko
binancecoin,1d,2026-03-30T00:00:00+00:00,605.7052583106979,,,,coingecko
binancecoin,1d,2026-03-31T00:00:00+00:00,608.7288635084197,,,,coingecko
binancecoin,1d,2026-04-01T00:00:00+00:00,616.1538820335377,,,,coingecko
binancecoin,1d,2026-04-02T00:00:00+00:00,610.8885121293691,,,,coingecko
binancecoin,1d,2026-04-03T00:00:00+00:00,584.0791598258223,,,,coingecko
binancecoin,1d,2026-04-04T00:00:00+00:00,588.4455057822292,,,,coingecko
binancecoin,1d,2026-04-05T00:00:00+00:00,594.0994809464715,,,,coingecko
binancecoin,1d,2026-04-06T00:00:00+00:00,606.5601402071936,,,,coingecko
binancecoin,1d,2026-04-07T00:00:00+00:00,600.6977042884862,,,,coingecko
binancecoin,1d,2026-04-08T00:00:00+00:00,621.1198058377721,,,,coingecko
binancecoin,1d,2026-04-09T00:00:00+00:00,600.8832884605744,,,,coingecko
binancecoin,1d,2026-04-10T00:00:00+00:00,603.3083098725318,,,,coingecko
binancecoin,1d,2026-04-11T00:00:00+00:00,605.816672439965,,,,coingecko
binancecoin,1d,2026-04-12T00:00:00+00:00,607.1695837676739,,,,coingecko
binancecoin,1d,2026-04-13T00:00:00+00:00,592.0591893811612,,,,coingecko
binancecoin,1d,2026-04-14T00:00:00+00:00,615.9569577245946,,,,coingecko
binancecoin,1d,2026-04-15T00:00:00+00:00,614.5789565262527,,,,coingecko
binancecoin,1d,2026-04-16T00:00:00+00:00,623.2079126106592,,,,coingecko
binancecoin,1d,2026-04-17T00:00:00+00:00,636.2837069331584,,,,coingecko
binancecoin,1d,2026-04-18T00:00:00+00:00,643.5475193945257,,,,coingecko
binancecoin,1d,2026-04-19T00:00:00+00:00,630.021234735221,,,,coingecko
binancecoin,1d,2026-04-20T00:00:00+00:00,616.1662853189757,,,,coingecko
binancecoin,1d,2026-04-21T00:00:00+00:00,629.3909650144932,,,,coingecko
binancecoin,1d,2026-04-22T00:00:00+00:00,631.6847455992801,,,,coingecko
binancecoin,1d,2026-04-23T00:00:00+00:00,637.8760547523035,,,,coingecko
binancecoin,1d,2026-04-24T00:00:00+00:00,638.7414549173521,,,,coingecko
binancecoin,1d,2026-04-25T00:00:00+00:00,636.277298464707,,,,coingecko
binancecoin,1d,2026-04-26T00:00:00+00:00,628.6116559486803,,,,coingecko
binancecoin,1d,2026-04-27T00:00:00+00:00,635.9118150455902,,,,coingecko
binancecoin,1d,2026-04-28T00:00:00+00:00,626.9524469922035,,,,coingecko
binancecoin,1d,2026-04-29T00:00:00+00:00,624.401752594144,,,,coingecko
binancecoin,1d,2026-04-30T00:00:00+00:00,617.1644396854956,,,,coingecko
binancecoin,1d,2026-05-01T00:00:00+00:00,615.1315444489046,,,,coingecko
binancecoin,1d,2026-05-02T00:00:00+00:00,615.4081816789101,,,,coingecko
binancecoin,1d,2026-05-03T00:00:00+00:00,618.0360989955103,,,,coingecko
binancecoin,1d,2026-05-04T00:00:00+00:00,617.0592341065477,,,,coingecko
binancecoin,1d,2026-05-05T00:00:00+00:00,622.5454199421628,,,,coingecko
binancecoin,1d,2026-05-06T00:00:00+00:00,630.5197614089996,,,,coingecko
binancecoin,1d,2026-05-07T00:00:00+00:00,647.917102652703,,,,coingecko
binancecoin,1d,2026-05-08T00:00:00+00:00,637.1023815023726,,,,coingecko
binancecoin,1d,2026-05-09T00:00:00+00:00,649.2450974104772,,,,coingecko
binancecoin,1d,2026-05-10T00:00:00+00:00,649.7616812355201,,,,coingecko
binancecoin,1d,2026-05-11T00:00:00+00:00,663.4733750407737,,,,coingecko
binancecoin,1d,2026-05-12T00:00:00+00:00,670.3091959569925,,,,coingecko
binancecoin,1d,2026-05-13T00:00:00+00:00,664.8137077847776,,,,coingecko
binancecoin,1d,2026-05-14T00:00:00+00:00,671.3872863252919,,,,coingecko
binancecoin,1d,2026-05-15T00:00:00+00:00,678.0258415036767,,,,coingecko
binancecoin,1d,2026-05-16T00:00:00+00:00,672.1506658459626,,,,coingecko
binancecoin,1d,2026-05-17T00:00:00+00:00,656.0070996829677,,,,coingecko
binancecoin,1d,2026-05-18T00:00:00+00:00,649.0696709061414,,,,coingecko
binancecoin,1d,2026-05-19T00:00:00+00:00,643.0629817607845,,,,coingecko
binancecoin,1d,2026-05-20T00:00:00+00:00,639.4078785765344,,,,coingecko
binancecoin,1d,2026-05-21T00:00:00+00:00,648.8135781157387,,,,coingecko
binancecoin,1d,2026-05-22T00:00:00+00:00,657.2580376188126,,,,coingecko
binancecoin,1d,2026-05-23T00:00:00+00:00,649.9691943034433,,,,coingecko
binancecoin,1d,2026-05-24T00:00:00+00:00,655.7093484986534,,,,coingecko
binancecoin,1d,2026-05-25T00:00:00+00:00,656.3216569268385,,,,coingecko
binancecoin,1d,2026-05-26T00:00:00+00:00,662.783618728823,,,,coingecko
binancecoin,1d,2026-05-27T00:00:00+00:00,655.7801317810654,,,,coingecko
binancecoin,1d,2026-05-28T00:00:00+00:00,648.1022793623637,,,,coingecko
binancecoin,1d,2026-05-29T00:00:00+00:00,637.590036018025,,,,coingecko
binancecoin,1d,2026-05-30T00:00:00+00:00,642.4763985549286,,,,coingecko
binancecoin,1d,2026-05-31T00:00:00+00:00,719.2839543502296,,,,coingecko
binancecoin,1d,2026-06-01T00:00:00+00:00,709.7461276820151,,,,coingecko
binancecoin,1d,2026-06-02T00:00:00+00:00,692.0622015739435,,,,coingecko
binancecoin,1d,2026-06-03T00:00:00+00:00,650.2435799684146,,,,coingecko
binancecoin,1d,2026-06-04T00:00:00+00:00,619.783537192592,,,,coingecko
binancecoin,1d,2026-06-05T00:00:00+00:00,603.8314770752072,,,,coingecko
binancecoin,1d,2026-06-06T00:00:00+00:00,571.9698919463663,,,,coingecko
binancecoin,1d,2026-06-07T00:00:00+00:00,574.2853923786267,,,,coingecko
binancecoin,1d,2026-06-08T00:00:00+00:00,603.8984366100508,,,,coingecko
binancecoin,1d,2026-06-09T00:00:00+00:00,601.5368716232298,,,,coingecko
binancecoin,1d,2026-06-10T00:00:00+00:00,593.0656308303504,,,,coingecko
binancecoin,1d,2026-06-11T00:00:00+00:00,586.1915042460671,,,,coingecko
binancecoin,1d,2026-06-12T00:00:00+00:00,605.0188351074373,,,,coingecko
binancecoin,1d,2026-06-13T00:00:00+00:00,603.5065215908736,,,,coingecko
binancecoin,1d,2026-06-14T00:00:00+00:00,609.3153936702697,,,,coingecko
binancecoin,1d,2026-06-15T00:00:00+00:00,616.2913721407087,,,,coingecko
binancecoin,1d,2026-06-16T00:00:00+00:00,617.3823195179718,,,,coingecko
binancecoin,1d,2026-06-17T00:00:00+00:00,604.4270847551903,,,,coingecko
binancecoin,1d,2026-06-18T00:00:00+00:00,601.0035535777396,,,,coingecko
binancecoin,1d,2026-06-19T00:00:00+00:00,578.0941140346222,,,,coingecko
binancecoin,1d,2026-06-20T00:00:00+00:00,580.5498791177642,,,,coingecko
binancecoin,1d,2026-06-21T00:00:00+00:00,587.6019263693968,,,,coingecko
binancecoin,1d,2026-06-22T00:00:00+00:00,583.7382242602163,,,,coingecko
binancecoin,1d,2026-06-23T00:00:00+00:00,589.2686919181896,,,,coingecko
binancecoin,1d,2026-06-24T00:00:00+00:00,577.3779980091048,,,,coingecko
binancecoin,1d,2026-06-25T00:00:00+00:00,563.9704782268035,,,,coingecko
binancecoin,1d,2026-06-26T00:00:00+00:00,560.0088056886373,,,,coingecko
binancecoin,1d,2026-06-27T00:00:00+00:00,566.9395585365139,,,,coingecko
binancecoin,1d,2026-06-28T00:00:00+00:00,556.5879485175612,,,,coingecko
binancecoin,1d,2026-06-29T00:00:00+00:00,550.4111830116456,,,,coingecko
binancecoin,1d,2026-06-30T00:00:00+00:00,558.6227835458758,,,,coingecko
binancecoin,1d,2026-07-01T00:00:00+00:00,545.864131071901,,,,coingecko
binancecoin,1d,2026-07-02T00:00:00+00:00,549.9510649904576,,,,coingecko
binancecoin,1d,2026-07-03T00:00:00+00:00,558.1196504363588,,,,coingecko
binancecoin,1d,2026-07-04T00:00:00+00:00,573.3641876486147,,,,coingecko
binancecoin,1d,2026-07-05T00:00:00+00:00,574.7757156537721,,,,coingecko
binancecoin,1d,2026-07-06T00:00:00+00:00,589.1826542355047,,,,coingecko
binancecoin,1d,2026-07-07T00:00:00+00:00,585.5377551735166,,,,coingecko
binancecoin,1d,2026-07-08T00:00:00+00:00,576.6079677024561,,,,coingecko
binancecoin,1d,2026-07-09T00:00:00+00:00,568.1933961660617,,,,coingecko
binancecoin,1d,2026-07-10T00:00:00+00:00,568.336903396185,,,,coingecko
binancecoin,1d,2026-07-11T00:00:00+00:00,575.091602394218,,,,coingecko
binancecoin,1d,2026-07-12T00:00:00+00:00,574.540611804015,,,,coingecko
binancecoin,1d,2026-07-13T00:00:00+00:00,573.7067971748755,,,,coingecko
binancecoin,1d,2026-07-14T00:00:00+00:00,566.8067374879349,,,,coingecko
binancecoin,1d,2026-07-15T00:00:00+00:00,581.3477700391322,,,,coingecko
binancecoin,1d,2026-07-16T00:00:00+00:00,580.0914809504844,,,,coingecko
binancecoin,1d,2026-07-17T00:00:00+00:00,572.113964769213,,,,coingecko
binancecoin,1d,2026-07-18T00:00:00+00:00,567.758313883116,,,,coingecko
binancecoin,1d,2026-07-19T00:00:00+00:00,570.3033872677163,,,,coingecko
binancecoin,1d,2026-07-20T00:00:00+00:00,570.5283706446356,,,,coingecko
binancecoin,1d,2026-07-21T00:00:00+00:00,570.62038864161,,,,coingecko
binancecoin,1d,2026-07-22T00:00:00+00:00,573.5798653458507,,,,coingecko
binancecoin,1d,2026-07-23T00:00:00+00:00,570.7268313014563,,,,coingecko
binancecoin,1d,2026-07-24T00:00:00+00:00,566.979485179163,,,,coingecko
binancecoin,1d,2026-07-25T00:00:00+00:00,564.4208974926823,,,,coingecko
binancecoin,1d,2026-07-26T00:00:00+00:00,568.4904389403061,,,,coingecko
binancecoin,1d,2026-07-27T00:00:00+00:00,574.7685101524539,,,,coingecko
binancecoin,1d,2026-07-28T00:00:00+00:00,565.7349404125574,,,,coingecko
binancecoin,1d,2026-07-29T00:00:00+00:00,570.7450174787834,,,,coingecko
binancecoin,1d,2026-07-30T00:00:00+00:00,571.3881477127459,,,,coingecko
binancecoin,1d,2026-07-31T00:00:00+00:00,591.696782304102,,,,coingecko
binancecoin,1d,2026-08-01T00:00:00+00:00,586.460926871725,,,,coingecko
binancecoin,1d,2026-08-02T00:00:00+00:00,574.7197907128979,,,,coingecko
binancecoin,1d,2026-08-03T00:00:00+00:00,587.8165386223066,,,,coingecko
binancecoin,1d,2026-08-04T00:00:00+00:00,588.7857285137491,,,,coingecko
binancecoin,1d,2026-08-05T00:00:00+00:00,592.7340551303326,,,,coingecko
binancecoin,1d,2026-08-06T00:00:00+00:00,593.3339657484953,,,,coingecko
binancecoin,1d,2026-08-07T00:00:00+00:00,591.7111094655114,,,,coingecko
binancecoin,1d,2026-08-08T00:00:00+00:00,592.184743678635,,,,coingecko
binancecoin,1d,2026-08-09T00:00:00+00:00,600.3274383374521,,,,coingecko
binancecoin,1d,2026-08-10T00:00:00+00:00,601.8372782085524,,,,coingecko
binancecoin,1d,2026-08-11T00:00:00+00:00,598.6196895758089,,,,coingecko
binancecoin,1d,2026-08-12T00:00:00+00:00,616.2792086001098,,,,coingecko
binancecoin,1d,2026-08-13T00:00:00+00:00,609.7518356234225,,,,coingecko
binancecoin,1d,2026-08-14T00:00:00+00:00,610.1020086104093,,,,coingecko
binancecoin,1d,2026-08-15T00:00:00+00:00,607.3786579534091,,,,coingecko
binancecoin,1d,2026-08-16T00:00:00+00:00,607.2084998624916,,,,coingecko
binancecoin,1d,2026-08-17T00:00:00+00:00,602.4629221231862,,,,coingecko
binancecoin,1d,2026-08-18T00:00:00+00:00,605.2680900981287,,,,coingecko
binancecoin,1d,2026-08-19T00:00:00+00:00,603.5021332341098,,,,coingecko
binancecoin,1d,2026-08-20T00:00:00+00:00,627.053410537708,,,,coingecko
binancecoin,1d,2026-08-21T00:00:00+00:00,654.5882397830208,,,,coingecko
binancecoin,1d,2026-08-22T00:00:00+00:00,686.7913034093192,,,,coingecko
binancecoin,1d,2026-08-23T00:00:00+00:00,695.3707581774437,,,,coingecko
binancecoin,1d,2026-08-24T00:00:00+00:00,702.2079977923269,,,,coingecko
binancecoin,1d,2026-08-25T00:00:00+00:00,704.0935851533615,,,,coingecko
binancecoin,1d,2026-08-26T00:00:00+00:00,694.1699264358065,,,,coingecko
binancecoin,1d,2026-08-27T00:00:00+00:00,707.47963722231,,,,coingecko
binancecoin,1d,2026-08-28T00:00:00+00:00,712.0503878732537,,,,coingecko
binancecoin,1d,2026-08-29T00:00:00+00:00,691.3170654968901,,,,coingecko
binancecoin,1d,2026-08-30T00:00:00+00:00,692.5269789000138,,,,coingecko
binancecoin,1d,2026-08-31T00:00:00+00:00,684.4778619473124,,,,coingecko
binancecoin,1d,2026-09-01T00:00:00+00:00,691.1406186921491,,,,coingecko
binancecoin,1d,2026-09-02T00:00:00+00:00,682.6728558958649,,,,coingecko
binancecoin,1d,2026-09-03T00:00:00+00:00,688.2301302750734,,,,coingecko
binancecoin,1d,2026-09-04T00:00:00+00:00,725.0807755091299,,,,coingecko
binancecoin,1d,2026-09-05T00:00:00+00:00,721.4302698070193,,,,coingecko
binancecoin,1d,2026-09-06T00:00:00+00:00,766.4092879330625,,,,coingecko
binancecoin,1d,2026-09-07T00:00:00+00:00,752.7225340647433,,,,coingecko
binancecoin,1d,2026-09-08T00:00:00+00:00,739.6790807862191,,,,coingecko
binancecoin,1d,2026-09-09T00:00:00+00:00,752.1250045522248,,,,coingecko
binancecoin,1d,2026-09-10T00:00:00+00:00,722.659278470706,,,,coingecko
binancecoin,1d,2026-09-11T00:00:00+00:00,708.4278492036368,,,,coingecko
binancecoin,1d,2026-09-12T00:00:00+00:00,726.5133783587984,,,,coingecko
binancecoin,1d,2026-09-13T00:00:00+00:00,727.3861457483952,,,,coingecko
binancecoin,1d,2026-09-14T00:00:00+00:00,716.2705332128485,,,,coingecko
binancecoin,1d,2026-09-15T00:00:00+00:00,720.3078906850645,,,,coingecko
binancecoin,1d,2026-09-16T00:00:00+00:00,711.7407947281655,,,,coingecko
binancecoin,1d,2026-09-17T00:00:00+00:00,725.3662125514248,,,,coingecko
binancecoin,1d,2026-09-18T00:00:00+00:00,737.8070248871743,,,,coingecko
binancecoin,1d,2026-09-19T00:00:00+00:00,761.1422907870758,,,,coingecko
binancecoin,1d,2026-09-20T00:00:00+00:00,761.7625351064928,,,,coingecko
binancecoin,1d,2026-09-21T00:00:00+00:00,772.2240978867138,,,,coingecko
binancecoin,1d,2026-09-22T00:00:00+00:00,799.1366632487325,,,,coingecko
binancecoin,1d,2026-09-23T00:00:00+00:00,788.1390870300733,,,,coingecko
binancecoin,1d,2026-09-24T00:00:00+00:00,767.2269803859875,,,,coingecko
binancecoin,1d,2026-09-25T00:00:00+00:00,776.4242150845593,,,,coingecko
binancecoin,1d,2026-09-26T00:00:00+00:00,776.9554691332376,,,,coingecko
binancecoin,4h,2026-08-28T08:00:00+00:00,706.8122225226549,826168659.2727337,710.3462836352682,703.2781614100417,coingecko
binancecoin,4h,2026-08-28T12:00:00+00:00,704.7978346075887,3199376971.954628,709.5722966843626,701.2738454345507,coingecko
binancecoin,4h,2026-08-28T16:00:00+00:00,687.9135813630222,3427442306.107193,699.6781768222756,684.4740134562071,coingecko
binancecoin,4h,2026-08-28T20:00:00+00:00,689.7153493048401,3567908859.7293634,693.1639260513642,683.7193257227067,coingecko
binancecoin,4h,2026-08-29T00:00:00+00:00,690.2820949462923,3414258202.4898314,694.7736508243745,686.8306844715609,coingecko
binancecoin,4h,2026-08-29T04:00:00+00:00,687.3825461456536,3188606696.5898685,694.2770776973065,683.9456334149253,coingecko
binancecoin,4h,2026-08-29T08:00:00+00:00,688.8697014836636,3022821257.514934,692.3140499910818,684.6117262627071,coingecko
binancecoin,4h,2026-08-29T12:00:00+00:00,691.7722847118521,2875274743.840294,695.2311461354112,684.809887813323,coingecko
binancecoin,4h,2026-08-29T16:00:00+00:00,693.527412664726,2246275064.0337667,696.9950497280495,687.2766239841392,coingecko
binancecoin,4h,2026-08-29T20:00:00+00:00,693.0782126736627,1973309074.993795,696.7324258782454,689.1232874175516,coingecko
binancecoin,4h,2026-08-30T00:00:00+00:00,693.781600160084,1939866165.1435025,697.2505081608844,688.1948704475236,coingecko
binancecoin,4h,2026-08-30T04:00:00+00:00,694.2715207133995,1956698396.986274,698.0010640545445,689.9755658570621,coingecko
binancecoin,4h,2026-08-30T08:00:00+00:00,692.2480610292271,1988221672.6756115,697.4500770069266,688.3035185962937,coingecko
binancecoin,4h,2026-08-30T12:00:00+00:00,698.5507659862766,2093799564.2623503,702.8474619319296,689.1923587612839,coingecko
binancecoin,4h,2026-08-30T16:00:00+00:00,701.5633669276456,2349661474.7220936,706.869616914672,695.8560673130571,coingecko
binancecoin,4h,2026-08-30T20:00:00+00:00,693.5880357230789,2446869103.9576893,702.9400246930513,690.1200955444634,coingecko
binancecoin,4h,2026-08-31T00:00:00+00:00,683.0174261825969,2785477572.058766,689.4353729728939,679.3054760701867,coingecko
binancecoin,4h,2026-08-31T04:00:00+00:00,686.3972369711298,2917007262.968815,689.92836489776,679.9088802529159,coingecko
binancecoin,4h,2026-08-31T08:00:00+00:00,688.8018814123026,3173547449.7878475,692.245890819364,682.8219106807187,coingecko
binancecoin,4h,2026-08-31T12:00:00+00:00,690.6170510625404,3235040453.085293,694.0701363178531,681.9572486499675,coingecko
binancecoin,4h,2026-08-31T16:00:00+00:00,692.8295165134115,3183859866.2887683,696.2936640959784,685.6038168077599,coingecko
binancecoin,4h,2026-08-31T20:00:00+00:00,690.7171150733188,3139648366.2489076,695.9336134748846,687.2635294979523,coingecko
binancecoin,4h,2026-09-01T00:00:00+00:00,692.0554410106486,2723905364.9661036,696.5574525440733,687.6209944180275,coingecko
binancecoin,4h,2026-09-01T04:00:00+00:00,690.1143729935527,2612004358.782464,697.0808702097755,686.663801128585,coingecko
binancecoin,4h,2026-09-01T08:00:00+00:00,686.5558426806149,2532520632.099166,693.6954230910026,682.4117946433967,coingecko
binancecoin,4h,2026-09-01T12:00:00+00:00,687.0393024654539,2548526769.5454507,690.5159374551081,683.022743142789,coingecko
binancecoin,4h,2026-09-01T16:00:00+00:00,679.1020332142824,2585015441.012671,690.0749704702176,675.706523048211,coingecko
binancecoin,4h,2026-09-01T20:00:00+00:00,680.5973017884241,2765043977.3379097,684.0002882973662,676.1344932462405,coingecko
binancecoin,4h,2026-09-02T00:00:00+00:00,685.242347606263,3064396645.87967,688.6685593442943,678.6892469176157,coingecko
binancecoin,4h,2026-09-02T04:00:00+00:00,687.8380912599176,3322534113.850106,692.0887233726356,683.780806130789,coingecko
binancecoin,4h,2026-09-02T08:00:00+00:00,682.4190656330271,3300487912.2015333,690.7970911979664,679.006970304862,coingecko
binancecoin,4h,2026-09-02T12:00:00+00:00,685.5824298530737,3377792213.4352365,690.1664154390029,679.2745231703938,coingecko
binancecoin,4h,2026-09-02T16:00:00+00:00,686.6609157698523,3406639426.169092,690.6876787223814,682.4186136063396,coingecko
binancecoin,4h,2026-09-02T20:00:00+00:00,685.8649597736643,3195978104.5438256,690.6462999980622,682.4356349747959,coingecko
binancecoin,4h,2026-09-03T00:00:00+00:00,693.7964642829936,2910933420.9663486,697.2654466044085,683.5593361658083,coingecko
binancecoin,4h,2026-09-03T04:00:00+00:00,697.4561255221543,2801001712.911871,700.943406149765,688.8827893800864,coingecko
binancecoin,4h,2026-09-03T08:00:00+00:00,704.6944524448638,2963741604.554544,708.2179247070881,694.2172751004221,coingecko
binancecoin,4h,2026-09-03T12:00:00+00:00,722.2788160566846,3654942377.7386293,725.890210136968,707.7789016806663,coingecko
binancecoin,4h,2026-09-03T16:00:00+00:00,722.1722782469099,4401441264.808439,730.7281789090182,718.1732862432694,coingecko
binancecoin,4h,2026-09-03T20:00:00+00:00,723.6532351334884,4603627755.988926,728.5977197517776,720.0349689578209,coingecko
binancecoin,4h,2026-09-04T00:00:00+00:00,724.086324678777,4880997807.277007,728.7061793866754,718.3765275704545,coingecko
binancecoin,4h,2026-09-04T04:00:00+00:00,720.1356550985282,5010733253.626924,729.5091003253219,716.5349768230355,coingecko
binancecoin,4h,2026-09-04T08:00:00+00:00,722.3108765092703,5050566151.401983,725.9224308918166,710.698360546413,coingecko
binancecoin,4h,2026-09-04T12:00:00+00:00,711.5907436676433,4826870675.373596,727.8504666646149,708.0327899493051,coingecko
binancecoin,4h,2026-09-04T16:00:00+00:00,718.7984561013533,4388150293.635691,723.0340363871522,712.9445471640836,coingecko
binancecoin,4h,2026-09-04T20:00:00+00:00,718.816387500851,4214328706.942164,723.669978557654,713.9146845525028,coingecko
binancecoin,4h,2026-09-05T00:00:00+00:00,720.9185704649244,3989648685.9783726,725.0374211560543,716.1860606219992,coingecko
binancecoin,4h,2026-09-05T04:00:00+00:00,727.1356967201793,3877131865.7127542,730.7713752037802,717.9277627937207,coingecko
binancecoin,4h,2026-09-05T08:00:00+00:00,748.1183457688576,5248586513.417705,753.423339148759,734.6478546429961,coingecko
binancecoin,4h,2026-09-05T12:00:00+00:00,769.7645647882324,6542860059.64916,773.6133876121735,744.0905734182055,coingecko
binancecoin,4h,2026-09-05T16:00:00+00:00,776.8010183493042,8013270475.747791,780.6850234410506,766.1522978350978,coingecko
binancecoin,4h,2026-09-05T20:00:00+00:00,770.554687568597,8603953844.204506,777.3121689260852,766.4552628711166,coingecko
binancecoin,4h,2026-09-06T00:00:00+00:00,763.8245136874394,8958624931.89589,770.7622229502412,760.0053911190022,coingecko
binancecoin,4h,2026-09-06T04:00:00+00:00,760.1823146856772,9229087285.352842,768.5986566774503,756.3814031122488,coingecko
binancecoin,4h,2026-09-06T08:00:00+00:00,757.4857902348677,8017554884.507841,761.273219186042,752.7956784063911,coingecko
binancecoin,4h,2026-09-06T12:00:00+00:00,741.6286072746026,6587367602.481615,761.9060612812804,737.9204642382296,coingecko
binancecoin,4h,2026-09-06T16:00:00+00:00,749.4970055838926,5370117436.422707,753.244490611812,742.1958557849495,coingecko
binancecoin,4h,2026-09-06T20:00:00+00:00,751.3859650027496,4907242147.659908,755.1428948277633,745.2525468942974,coingecko
binancecoin,4h,2026-09-07T00:00:00+00:00,748.1925142966874,4724870342.687847,756.4861467350669,744.4515517252039,coingecko
binancecoin,4h,2026-09-07T04:00:00+00:00,745.3439910940622,4536257552.86096,752.1879977175565,741.6172711385918,coingecko
binancecoin,4h,2026-09-07T08:00:00+00:00,743.6346580782849,4229001929.990938,748.7102640808569,738.9392686307439,coingecko
binancecoin,4h,2026-09-07T12:00:00+00:00,743.4531856874165,4032719532.140462,750.7379843212577,739.7359197589794,coingecko
binancecoin,4h,2026-09-07T16:00:00+00:00,739.683542642618,3810040530.760165,744.360183857083,731.0112836388424,coingecko
binancecoin,4h,2026-09-07T20:00:00+00:00,738.1895448415147,3650578925.393922,745.3117565844883,734.4985971173071,coingecko
binancecoin,4h,2026-09-08T00:00:00+00:00,738.4373121683662,3331078726.2539425,746.0580703880977,734.7451256075244,coingecko
binancecoin,4h,2026-09-08T04:00:00+00:00,747.410130840403,3514383984.8538656,754.492153181991,738.972414394515,coingecko
binancecoin,4h,2026-09-08T08:00:00+00:00,756.0253109532566,4298187067.739676,759.8054375080228,750.4644373118502,coingecko
binancecoin,4h,2026-09-08T12:00:00+00:00,750.4380273750834,4672077577.919633,756.0614050550155,743.0935282089397,coingecko
binancecoin,4h,2026-09-08T16:00:00+00:00,749.2859723851734,4772354354.929224,759.7516867069478,745.5395425232475,coingecko
binancecoin,4h,2026-09-08T20:00:00+00:00,754.5473673489074,4920464647.313694,758.3201041856519,744.8680867414346,coingecko
binancecoin,4h,2026-09-09T00:00:00+00:00,751.4821287356051,5008305730.9585085,758.2819586741766,747.7247180919271,coingecko
binancecoin,4h,2026-09-09T04:00:00+00:00,754.5141835720215,4762188845.67073,758.2867544898814,745.6140268384282,coingecko
binancecoin,4h,2026-09-09T08:00:00+00:00,750.3934480777165,4035950968.501841,760.9246367487266,746.6414808373279,coingecko
binancecoin,4h,2026-09-09T12:00:00+00:00,743.294069064896,3699007580.377676,754.140967131567,739.5775987195715,coingecko
binancecoin,4h,2026-09-09T16:00:00+00:00,739.819304011867,3846929461.1989565,745.0266082054852,735.2598870707657,coingecko
binancecoin,4h,2026-09-09T20:00:00+00:00,718.8391392426308,4048636055.6733384,740.6296547369138,715.2449435464176,coingecko
binancecoin,4h,2026-09-10T00:00:00+00:00,724.8539301064521,4491969233.5537815,728.4781997569843,717.0598479573264,coingecko
binancecoin,4h,2026-09-10T04:00:00+00:00,720.8543330531552,4601240321.600199,726.9429717568918,717.2500613878894,coingecko
binancecoin,4h,2026-09-10T08:00:00+00:00,716.8358996440408,4628377614.439041,722.3717403967727,713.2517201458205,coingecko
binancecoin,4h,2026-09-10T12:00:00+00:00,709.6397328949097,4842163944.5086155,719.9256323134899,702.1216041746463,coingecko
binancecoin,4h,2026-09-10T16:00:00+00:00,713.6046045721611,4836800371.536878,717.1726275950218,704.1198306847947,coingecko
binancecoin,4h,2026-09-10T20:00:00+00:00,711.6411465953889,4615552857.195896,718.3254233470647,708.082940862412,coingecko
binancecoin,4h,2026-09-11T00:00:00+00:00,710.981309446934,4156964762.7413054,716.7656775881721,704.8857099576186,coingecko
binancecoin,4h,2026-09-11T04:00:00+00:00,714.9584735446649,3959536134.642504,720.0380484668144,708.3947604424018,coingecko
binancecoin,4h,2026-09-11T08:00:00+00:00,712.5269422359271,3764140365.3479457,717.3523607996121,708.9643075247475,coingecko
binancecoin,4h,2026-09-11T12:00:00+00:00,732.9084757155805,3883521676.1592994,739.8092294058521,709.3334615255361,coingecko
binancecoin,4h,2026-09-11T16:00:00+00:00,722.1983692411744,4448643526.52702,734.2059306249001,718.5873773949686,coingecko
binancecoin,4h,2026-09-11T20:00:00+00:00,724.0062231575542,4509030623.916009,729.455540405886,719.3712830026482,coingecko
binancecoin,4h,2026-09-12T00:00:00+00:00,731.4772982471707,4549858285.25889,735.1346847384065,722.8808114670044,coingecko
binancecoin,4h,2026-09-12T04:00:00+00:00,731.6120730875963,4796430668.81012,737.179126489914,727.9540127221583,coingecko
binancecoin,4h,2026-09-12T08:00:00+00:00,737.64678077322,4902687185.575149,741.3350146770861,729.7753697258844,coingecko
binancecoin,4h,2026-09-12T12:00:00+00:00,735.3287052596711,4411583490.812798,740.1512719849409,731.6520617333728,coingecko
binancecoin,4h,2026-09-12T16:00:00+00:00,729.1803957471291,3372776440.354804,738.7137917459461,725.5344937683934,coingecko
binancecoin,4h,2026-09-12T20:00:00+00:00,726.0287363711736,3172206188.16134,730.0110591144687,722.3985926893178,coingecko
binancecoin,4h,2026-09-13T00:00:00+00:00,727.8179946800952,3031174047.4605303,731.8958148244423,723.7492150196532,coingecko
binancecoin,4h,2026-09-13T04:00:00+00:00,721.7569278016468,2791747801.990839,730.4794394440794,718.1481431626386,coingecko
binancecoin,4h,2026-09-13T08:00:00+00:00,714.68288765822,2882238790.1370974,725.6102194248067,711.1094732199289,coingecko
binancecoin,4h,2026-09-13T12:00:00+00:00,718.2627632016761,2894976668.5242577,721.8540770176844,711.7151416508036,coingecko
binancecoin,4h,2026-09-13T16:00:00+00:00,721.800429781218,2839248433.0478363,725.409431930124,715.0553020124904,coingecko
binancecoin,4h,2026-09-13T20:00:00+00:00,715.5597670129715,2811272515.679363,725.6705757954783,711.9819681779067,coingecko
binancecoin,4h,2026-09-14T00:00:00+00:00,723.3112590945025,3121181661.2199535,726.927815389975,712.6891805467842,coingecko
binancecoin,4h,2026-09-14T04:00:00+00:00,723.3035168118842,3323693542.7973022,728.5895307552247,718.4331512970167,coingecko
binancecoin,4h,2026-09-14T08:00:00+00:00,722.6788183887752,3201645028.7049274,728.3347429532809,719.0654242968313,coingecko
binancecoin,4h,2026-09-14T12:00:00+00:00,721.2628758113882,3292443729.496655,725.2840800213613,716.1857322677988,coingecko
binancecoin,4h,2026-09-14T16:00:00+00:00,727.1305183824342,3703544887.6723986,730.7661709743462,718.6142999975713,coingecko
binancecoin,4h,2026-09-14T20:00:00+00:00,722.4061288108361,3973864902.2078424,730.429729278582,718.794098166782,coingecko
binancecoin,4h,2026-09-15T00:00:00+00:00,721.6313616368726,4039232426.4314957,725.2395184450569,715.526588644925,coingecko
binancecoin,4h,2026-09-15T04:00:00+00:00,718.2147061884087,3850254170.0128164,724.995570807129,714.6236326574667,coingecko
binancecoin,4h,2026-09-15T08:00:00+00:00,719.1908382397403,3818483834.47389,722.7867924309389,711.2570451879468,coingecko
binancecoin,4h,2026-09-15T12:00:00+00:00,715.2795714811721,3712608953.356598,723.6490956156256,711.7031736237662,coingecko
binancecoin,4h,2026-09-15T16:00:00+00:00,717.4935436511033,3771747479.2930675,726.3085166692566,713.9060759328478,coingecko
binancecoin,4h,2026-09-15T20:00:00+00:00,712.9808728621715,3969660143.7511764,722.6114331544973,707.086133470502,coingecko
binancecoin,4h,2026-09-16T00:00:00+00:00,712.3644737501746,3834553890.23421,717.1536938541793,705.0480127846541,coingecko
binancecoin,4h,2026-09-16T04:00:00+00:00,713.6235128084339,3842775427.775586,718.4186883625013,710.0553952443918,coingecko
binancecoin,4h,2026-09-16T08:00:00+00:00,710.789608217359,3898263306.057834,714.3435562584458,703.1160151012324,coingecko
binancecoin,4h,2026-09-16T12:00:00+00:00,709.004348202254,3890006184.227377,717.4987417989632,705.4593264612428,coingecko
binancecoin,4h,2026-09-16T16:00:00+00:00,716.7849226182789,3716103758.500677,720.3688472313702,707.73223255023,coingecko
binancecoin,4h,2026-09-16T20:00:00+00:00,718.397821825788,3723796945.806689,724.0201412233297,714.8058327166591,coingecko
binancecoin,4h,2026-09-17T00:00:00+00:00,723.2071416086164,3892535688.559534,728.9930436141818,719.5911059005733,coingecko
binancecoin,4h,2026-09-17T04:00:00+00:00,725.0733601232723,3954462194.339673,728.6987269238886,720.5900841859011,coingecko
binancecoin,4h,2026-09-17T08:00:00+00:00,722.8660528614855,3864337437.619116,729.1036870413853,719.2517225971781,coingecko
binancecoin,4h,2026-09-17T12:00:00+00:00,725.1679170624923,4049160858.801514,731.8694077223479,720.0039642032913,coingecko
binancecoin,4h,2026-09-17T16:00:00+00:00,727.4327854377269,4082547833.3274846,732.1842143662968,723.4608669365374,coingecko
binancecoin,4h,2026-09-17T20:00:00+00:00,734.8856124251358,3784548873.722094,738.5600404872614,728.3280532237167,coingecko
binancecoin,4h,2026-09-18T00:00:00+00:00,747.9131927170283,3939308189.1477375,751.6527586806134,733.5840192940443,coingecko
binancecoin,4h,2026-09-18T04:00:00+00:00,754.2034564616641,4508526215.170752,757.9744737439723,747.0379544653513,coingecko
binancecoin,4h,2026-09-18T08:00:00+00:00,751.8887898107549,5111598456.168095,757.8110696521106,747.0569853057139,coingecko
binancecoin,4h,2026-09-18T12:00:00+00:00,759.8220753511191,5455792959.430605,763.6211857278746,741.8899573748661,coingecko
binancecoin,4h,2026-09-18T16:00:00+00:00,764.2503976120153,6082771413.049539,768.0716496000753,752.8255140369886,coingecko
binancecoin,4h,2026-09-18T20:00:00+00:00,763.8134822575871,6301486636.844575,769.6512128149105,759.9944148462992,coingecko
binancecoin,4h,2026-09-19T00:00:00+00:00,761.6688932672555,6128630938.625824,767.4038995962408,757.3365793331404,coingecko
binancecoin,4h,2026-09-19T04:00:00+00:00,761.7205975663344,5759327278.651337,767.3855463534892,755.6690981789524,coingecko
binancecoin,4h,2026-09-19T08:00:00+00:00,764.9757944910639,5273933457.101511,770.3212745424322,756.9593562598111,coingecko
binancecoin,4h,2026-09-19T12:00:00+00:00,769.6723441112931,4838347144.678218,776.0795026058125,763.9520776530353,coingecko
binancecoin,4h,2026-09-19T16:00:00+00:00,762.8342532010674,4203897282.136294,771.9110375777316,758.7415789275886,coingecko
binancecoin,4h,2026-09-19T20:00:00+00:00,761.319237651828,3929350372.7675247,766.7564343043455,755.8148672675617,coingecko
binancecoin,4h,2026-09-20T00:00:00+00:00,747.3402318877554,3740905613.4921327,766.7911059707076,743.6035307283166,coingecko
binancecoin,4h,2026-09-20T04:00:00+00:00,751.554450703758,3931295276.1266327,755.3122229572767,744.965343920484,coingecko
binancecoin,4h,2026-09-20T08:00:00+00:00,748.6347720156259,3895797973.0777073,754.0277780136458,743.9959573671516,coingecko
binancecoin,4h,2026-09-20T12:00:00+00:00,752.9779309456718,3739124570.4789696,756.7428206004,747.7923764314435,coingecko
binancecoin,4h,2026-09-20T16:00:00+00:00,766.5060516119003,3698516838.4149575,770.3385818699596,753.1694710421281,coingecko
binancecoin,4h,2026-09-20T20:00:00+00:00,774.157845253401,3887855538.5386634,778.0286344796679,761.7328847962486,coingecko
binancecoin,4h,2026-09-21T00:00:00+00:00,777.5265447828377,4347933210.381071,783.5211139203631,768.3629773972802,coingecko
binancecoin,4h,2026-09-21T04:00:00+00:00,772.2242486474778,4470165116.945333,780.4796571590279,768.3631274042403,coingecko
binancecoin,4h,2026-09-21T08:00:00+00:00,784.6394316427667,5201549630.550579,788.5626288009804,764.6112453524065,coingecko
binancecoin,4h,2026-09-21T12:00:00+00:00,797.1441388335926,6340080447.947711,801.1298595277605,785.398586372821,coingecko
binancecoin,4h,2026-09-21T16:00:00+00:00,800.9379336528333,7517968215.252067,807.1511861678531,791.7794567273841,coingecko
binancecoin,4h,2026-09-21T20:00:00+00:00,801.0041354390098,7607923144.483869,808.806210786515,795.9621349518941,coingecko
binancecoin,4h,2026-09-22T00:00:00+00:00,790.5896908650429,7529306547.038739,803.132346564976,785.1746430336724,coingecko
binancecoin,4h,2026-09-22T04:00:00+00:00,786.3917417329704,7481071879.8203,792.9684159067276,782.4597830243056,coingecko
binancecoin,4h,2026-09-22T08:00:00+00:00,786.6305726842043,7026803502.171863,791.470732704431,780.8471361179655,coingecko
binancecoin,4h,2026-09-22T12:00:00+00:00,786.2319349528875,6384467027.781438,795.2019226315127,782.3007752781231,coingecko
binancecoin,4h,2026-09-22T16:00:00+00:00,787.6310913805984,5571271181.791249,793.1137034680926,783.6929359236954,coingecko
binancecoin,4h,2026-09-22T20:00:00+00:00,787.4155009804103,5370496771.147615,791.3525784853123,780.2651607986094,coingecko
binancecoin,4h,2026-09-23T00:00:00+00:00,792.6863079937652,5013721395.256182,796.649739533734,784.1983915949229,coingecko
binancecoin,4h,2026-09-23T04:00:00+00:00,791.7319235053853,4708050059.548853,800.3071793251529,786.5418958392167,coingecko
binancecoin,4h,2026-09-23T08:00:00+00:00,785.3510903934132,4614023212.768267,792.2611637055562,778.7013425612843,coingecko
binancecoin,4h,2026-09-23T12:00:00+00:00,766.6361749683315,4729525782.93885,786.6205951607385,762.8029940934898,coingecko
binancecoin,4h,2026-09-23T16:00:00+00:00,766.6928279877092,5377475832.834232,770.549849884602,755.5807476905163,coingecko
binancecoin,4h,2026-09-23T20:00:00+00:00,767.6015426081523,5299729925.007881,771.7197476378399,761.4285559176593,coingecko
binancecoin,4h,2026-09-24T00:00:00+00:00,772.3601533761982,5170394623.981036,776.2219541430792,762.5389776903304,coingecko
binancecoin,4h,2026-09-24T04:00:00+00:00,772.2740379141228,5056156255.941444,776.7410150885972,762.6257783644432,coingecko
binancecoin,4h,2026-09-24T08:00:00+00:00,768.4380281031345,5009163202.704325,779.4734013907383,762.3951144499785,coingecko
binancecoin,4h,2026-09-24T12:00:00+00:00,776.6889818092124,4646167582.096288,780.5809448253493,765.6696894508907,coingecko
binancecoin,4h,2026-09-24T16:00:00+00:00,781.4803822287073,4005705186.479592,785.3877841398507,774.2807835982882,coingecko
binancecoin,4h,2026-09-24T20:00:00+00:00,776.2196087863667,4054981391.835849,783.1874929473732,772.3385107424349,coingecko
binancecoin,4h,2026-09-25T00:00:00+00:00,773.6702528377161,3968023120.676193,781.9103601768098,769.8019015735275,coingecko
binancecoin,4h,2026-09-25T04:00:00+00:00,772.9750122980936,3902277238.582115,778.4746837938795,768.9985755516313,coingecko
binancecoin,4h,2026-09-25T08:00:00+00:00,776.5744525072832,3947290392.4658794,780.5911165991099,769.3452540218499,coingecko
binancecoin,4h,2026-09-25T12:00:00+00:00,775.5440077277233,4550503453.880296,783.1595224981894,770.0305708093741,coingecko
binancecoin,4h,2026-09-25T16:00:00+00:00,774.9399628943438,4384070095.274122,778.8146627088155,768.589517186197,coingecko
binancecoin,4h,2026-09-25T20:00:00+00:00,776.2135621725205,4278549797.141248,780.094629983383,768.809239385038,coingecko
binancecoin,4h,2026-09-26T00:00:00+00:00,774.9660786278986,4265229874.7309685,780.8402464789036,771.0912482347591,coingecko
binancecoin,4h,2026-09-26T04:00:00+00:00,772.0824188749955,4070087613.5512943,778.0184163218131,768.2220067806205,coingecko
binancecoin,4h,2026-09-26T08:00:00+00:00,773.804943918196,3835208844.39925,777.673968637787,767.2458438919224,coingecko
binancecoin,4h,2026-09-26T12:00:00+00:00,773.5841923810976,2972722281.172455,778.9707451707985,768.3058049921641,coingecko
binancecoin,4h,2026-09-26T16:00:00+00:00,770.9380388895239,2611703997.42464,777.9934375838819,767.0833486950763,coingecko
binancecoin,4h,2026-09-26T20:00:00+00:00,772.7036395332742,2614204180.5868645,776.5671577309405,765.2363831377459,coingecko
binancecoin,4h,2026-09-27T00:00:00+00:00,772.1930302204009,2618556323.1448145,777.3204397688705,768.3320650692989,coingecko
binancecoin,4h,2026-09-27T04:00:00+00:00,774.4841108967385,2617220347.858046,778.356531451222,766.8002479431884,coingecko
bitcoin,4h,2026-09-27T08:00:00+00:00,84877.32178710394,98348433635.98297,85337.79352897227,84323.34280029716,coingecko
ethereum,4h,2026-09-27T08:00:00+00:00,2709.20017956146,27852024128.29522,2730.4124089964735,2695.6541786636526,coingecko
solana,4h,2026-09-27T08:00:00+00:00,123.96743513543416,13504871523.024445,125.04219613848599,123.34759795975698,coingecko
ripple,4h,2026-09-27T08:00:00+00:00,1.537614772492582,11177023741.687738,1.5460225055191172,1.5266563348453666,coingecko
binancecoin,4h,2026-09-27T08:00:00+00:00,778.5263501629559,2750958531.4771256,783.6496531693493,774.3337278681529,coingecko
bitcoin,4h,2026-09-27T12:00:00+00:00,84441.29797545854,106092699121.87111,85424.03644714206,84019.09148558124,coingecko
ethereum,4h,2026-09-27T12:00:00+00:00,2687.7543248717016,29875316827.863533,2722.8039411379204,2674.315553247343,coingecko
solana,4h,2026-09-27T12:00:00+00:00,121.69390897246163,14226060484.138737,124.54698677075355,121.08543942759933,coingecko
ripple,4h,2026-09-27T12:00:00+00:00,1.5165267039884647,10789587155.100021,1.5461478496248755,1.5089440704685224,coingecko
binancecoin,4h,2026-09-27T12:00:00+00:00,776.6980341232581,2831242051.750929,784.5870801908785,772.8145439526419,coingecko
